tree
version=v4
num_class=1
num_tree_per_iteration=1
label_index=0
max_feature_idx=12
objective=binary sigmoid:1
feature_names=alpha_prob alpha_prob_smooth alpha_prob_zscore alpha_prob_percentile alpha_signal_persistence turbulence_score turbulence_percentile hmm_state volatility_24_feature aggressor_ratio l2_imbalance_feature spread_bps expected_cost_bps
feature_infos=[0.52359230176150873:0.7882717858545979] [0.395211010802199:0.65120409783902322] [0.6015472175257478:14.87365580501822] [0.90005000000000002:1] [0:50] [0.035186630616049798:3376.1913998537875] [0.00050000000000000001:1] -1:1:0:2 [3.7082840147157737e-05:0.0067914145257336814] [0:1] none [-8659.3635953636986:8561.9402295912132] [-8652.3635953636986:8568.9402295912132]
tree_sizes=1721 1729 1751 1619 1732 1652 1649 1625 1625 1641 1741 1630 1743 1518 1639 1730 1209 1652 1753 1617 1735 1770 1756 1199 1634 1636 1636 1740 1748 1643 1418 1533 1754 1519 1628 1747 1744 1614 1644 1754 1428 1541 1219 1539 1439 1637 1753 1318 1426 1443 1755 1215 1744 1759 1742 1737 1443 1528 1633 1531 1549 1760 1526 1538 1520 1537 1435 1533 1535 1672 1334 1673 1432 1547 1559 1757

Tree=0
num_leaves=15
num_cat=0
split_feature=12 9 3 8 11 0 12 8 8 8 11 12 9 3
split_gain=2281.7 64.8258 43.9641 50.1967 47.3689 28.467 12.4408 12.1674 7.8273 7.37257 2.81004 0.018834 0.0685615 1.13687e-13
threshold=36.45106661606119 1.0000000180025095e-35 0.95462500000000017 0.00083257496827615987 -3788.2659200698786 0.64052898208915821 83.056669220684455 0.0013531304200447062 0.00054663991584195709 0.00093175342709292408 40.333869414599384 117.59047140480256 0.20710591055563507 0.99087500000000006
decision_type=2 2 2 2 2 2 2 2 2 2 2 2 2 2
left_child=1 2 3 -1 -4 7 9 -3 -7 10 -2 12 -8 -13
right_child=6 5 4 -5 -6 8 11 -9 -10 -11 -12 13 -14 -15
leaf_value=-0.86818904130674346 -0.85915966386158371 -0.80868763879069738 -0.77816373434265118 -0.78340085286388805 -0.83667076889874603 -0.80133053549210531 -0.89278624038022913 -0.78376277696262697 -0.77713393284797472 -0.82026042563375201 -0.89326114958416991 -0.89969473109681752 -0.8996947312865069 -0.89969473106308862
leaf_weight=37.962461753748357 3.5544969160109741 893.41090071573853 20.428856063634157 7.5307691851630798 31.904952801764011 18.477050065994263 1.6563776684924949 17.981652140617371 34.495837792754173 2.3305824175477019 5.6025398131459951 289.91474733967334 5.8912750147283077 31.235509177669883
leaf_count=336 32 9088 115 73 259 82 15 198 120 23 66 3798 69 422
internal_value=-0.83097 -0.809314 -0.832583 -0.854154 -0.813832 -0.806953 -0.898587 -0.808196 -0.785574 -0.867899 -0.880024 -0.89966 -0.898179 -0.899695
internal_weight=1402.38 1062.19 97.827 45.4932 52.3338 964.365 340.186 911.393 52.9729 11.4876 9.15704 328.698 7.54765 321.15
internal_count=14696 10271 783 409 374 9488 4425 9286 202 121 98 4304 84 4220
is_linear=0
shrinkage=1


Tree=1
num_leaves=15
num_cat=0
split_feature=12 9 3 12 6 0 5 12 2 3 2 12 0 0
split_gain=2120.55 58.0993 40.2152 42.1277 26.1413 25.0456 15.5933 12.178 5.95655 4.2985 2.14528 0.0186973 0.0698257 1.13687e-13
threshold=36.45106661606119 1.0000000180025095e-35 0.95462500000000017 -3769.6951567662095 0.14312500000000003 0.64052898208915821 23.672291397323836 83.056669220684455 3.3742509977599746 0.97992500000000005 1.2401281769673103 117.59047140480256 0.53323861618733071 0.63027486736503713
decision_type=2 2 2 2 2 2 2 2 2 2 2 2 2 2
left_child=1 2 4 -4 -1 6 -3 9 -7 10 -2 12 -9 -13
right_child=7 5 3 -5 -6 8 -8 11 -10 -11 -12 13 -14 -15
leaf_value=0.067570327375396907 0.0010507744483105412 0.045908472447786203 0.074099768163986765 0.019520272825668563 -0.0052512522667828168 0.074061773887679566 0.077841181740182286 -0.035190743646271498 0.052719284875087931 0.028481404395864399 -0.029431055844789784 -0.042200813763722901 -0.042220893607098388 -0.042200813600256397
leaf_weight=4.9815232679247847 3.111548835411666 915.08853164315224 21.062077596783638 32.164819192141294 40.557209555059671 37.260405875742435 13.973010655492542 1.6292710443958629 17.202999047935009 2.0680776033550492 6.2558942241594195 299.6220570281148 5.7910946514457464 15.910796847194431
leaf_count=44 37 9225 115 259 365 123 61 38 79 18 66 4110 46 110
internal_value=0.0249436 0.0453452 0.0234109 0.0411176 0.00271477 0.0475478 0.0463887 -0.0410885 0.0673205 -0.0106638 -0.019306 -0.0421658 -0.0406773 -0.0422008
internal_weight=1416.68 1082.29 98.7656 53.2269 45.5387 983.525 929.062 334.389 54.4634 11.4355 9.36744 322.953 7.42037 315.533
internal_count=14696 10271 783 374 409 9488 9286 4425 202 121 103 4304 84 4220
is_linear=0
shrinkage=0.03


Tree=2
num_leaves=15
num_cat=0
split_feature=12 8 8 12 12 12 12 1 8 8 8 12 8 1
split_gain=1974.87 18.7027 32.6788 23.2536 19.5082 11.9368 9.18308 9.36495 6.84195 6.83177 2.69456 0.0186153 0.0655089 1.13687e-13
threshold=36.45106661606119 0.00082948692467125845 0.00082233438929509614 -131.78786809105341 -3238.0499094110596 83.056669220684455 6.7692275333028027 0.52594910554980412 0.00084815362117468551 0.00093175342709292408 0.00055610450602164513 117.59047140480256 0.00080306560618996221 0.56100089665318198
decision_type=2 2 2 2 2 2 2 2 2 2 2 2 2 2
left_child=1 2 4 -4 -1 9 7 -3 -8 10 -2 12 -7 -13
right_child=5 6 3 -5 -6 11 8 -9 -10 -11 -12 13 -14 -15
leaf_value=0.048844270455145208 -0.042187162700786776 0.04217128396850859 0.044477313762502135 -0.029537435397363278 0.038879494457618798 -0.041728224933553583 0.078819849762086433 0.055811279937796783 0.05497470165501981 0.034966347377941305 -0.0087766941839788094 -0.041696642510061069 -0.034997021122378263 -0.041696642424723075
leaf_weight=254.72695287689567 3.6502009211108071 121.07921033073217 6.1972260503098378 9.960331317037344 578.11057014204562 5.5964000457897773 14.380657855421303 72.385474253445864 43.860409812070429 2.3668873040005556 5.366648031398654 272.53282017726451 1.6954565802589057 37.32073462381959
leaf_count=2533 32 1729 70 161 4710 59 112 588 368 23 66 3942 25 278
internal_value=0.0239707 0.0432367 0.0411075 -0.0011491 0.0419273 -0.040578 0.0504187 0.0472747 0.0608625 -0.0103948 -0.0223019 -0.0416614 -0.0401631 -0.0416966
internal_weight=1429.23 1100.7 848.995 16.1576 832.838 328.529 251.706 193.465 58.2411 11.3837 9.01685 317.145 7.29186 309.854
internal_count=14696 10271 7474 231 7243 4425 2797 2317 480 121 98 4304 84 4220
is_linear=0
shrinkage=0.03


Tree=3
num_leaves=14
num_cat=0
split_feature=12 4 6 0 12 8 12 8 8 8 8 12 0
split_gain=1842.5 31.7472 46.599 28.4035 28.2632 17.8883 11.7086 8.1758 6.42637 2.61839 1.06382 0.0185821 0.0702431
threshold=36.45106661606119 23.500000000000004 0.98812500000000003 0.64052898208915821 -365.50442932978189 0.00043898012744196215 83.056669220684455 0.0005502638307819022 0.00093175342709292408 0.00055610450602164513 0.00097887849718528651 117.59047140480256 0.53323861618733071
decision_type=2 2 2 2 2 2 2 2 2 2 2 2 2
left_child=1 3 4 5 -3 -1 8 -5 9 -2 -4 12 -8
right_child=6 2 10 7 -6 -7 11 -9 -10 -11 -12 -13 -14
leaf_value=0.028196412217820099 -0.041683861987079136 0.036417281730361344 0.07020089480137652 0.050508939800492716 0.0077930893564293483 0.043269346077177966 -0.034082172252693804 0.075341568253284835 0.033462826014005326 -0.0085452428881337642 0.086433070344580115 -0.04121895991959789 -0.041251746871328362
leaf_weight=77.290379968471825 3.58444078825414 61.260476186871529 6.9875014424324018 20.004446513950825 62.943896658718586 852.04227790888399 1.5771564953029145 29.571238622069359 2.398538780398666 5.3469487223774195 7.5708993077278137 304.12769892532378 5.5852921679615974
leaf_count=631 32 274 26 82 344 8801 38 89 23 66 24 4220 46
internal_value=0.0230624 0.0412924 0.0278632 0.043196 0.0219112 0.0420158 -0.0400931 0.0653213 -0.0101362 -0.0218448 0.0786422 -0.0411834 -0.039673
internal_weight=1440.29 1117.67 138.763 978.908 124.204 929.333 322.62 49.5757 11.3299 8.93139 14.5584 311.29 7.16245
internal_count=14696 10271 668 9603 618 9432 4425 171 121 98 50 4304 84
is_linear=0
shrinkage=0.03


Tree=4
num_leaves=15
num_cat=0
split_feature=11 9 3 8 11 0 4 4 11 8 3 11 9 0
split_gain=1722.49 48.0375 35.4384 41.2866 35.5539 20.1198 11.9434 10.6004 4.32002 9.17574 0.234656 0.0172716 0.115303 1.13687e-13
threshold=40.333869414599384 1.0000000180025095e-35 0.95462500000000017 0.00083257496827615987 -3788.2659200698786 0.63832371636639185 22.500000000000004 24.500000000000004 80.033795161984571 0.00088662399253536001 0.97062500000000018 123.04608730895696 0.17731356818037491 0.56808110600604989
decision_type=2 2 2 2 2 2 2 2 2 2 2 2 2 2
left_child=1 2 3 -1 -4 7 -7 -3 9 10 -2 12 -10 -13
right_child=8 5 4 -5 -6 6 -8 -9 11 -11 -12 13 -14 -15
leaf_value=-0.012410303881681536 -0.041443536808574953 0.041215067426204489 0.065301548123343156 0.061979841164653972 0.016307380614817207 0.063959710463171324 0.027858217117776547 0.03008589154771274 -0.030187594106673227 0.035284953859251858 -0.028285314585343564 -0.040765926947029602 -0.040808901906048384 -0.040765926950856492
leaf_weight=38.659349262714386 4.1816981602460128 890.17719685938209 22.256377965211868 8.1259848680347186 33.23811955563724 50.649834800511599 9.851671025156973 84.322918199002743 1.0697339344769705 2.1097896844148636 1.7221026849001644 147.55444413330406 6.5660094507038593 149.38829229399562
leaf_count=336 55 8934 115 73 259 169 44 379 13 21 18 3098 85 1097
internal_value=0.0222129 0.0393561 0.0197427 0.000510266 0.0359568 0.0412943 0.0580812 0.0402521 -0.0401576 -0.0184151 -0.0376054 -0.0407297 -0.0393209 -0.0407659
internal_weight=1449.87 1137.28 102.28 46.7853 55.4945 1035 60.5015 974.5 312.592 8.01359 5.9038 304.578 7.63574 296.943
internal_count=14696 10309 783 409 374 9526 213 9313 4387 94 73 4293 98 4195
is_linear=0
shrinkage=0.03


Tree=5
num_leaves=14
num_cat=1
split_feature=11 8 12 7 8 8 11 6 5 8 2 12 11
split_gain=1651.41 21.7169 20.4494 22.3115 19.911 11.0817 9.38761 7.94293 7.68829 7.25047 2.91368 1.18135e-05 1.9846e-08
threshold=25.525086630451142 0.00082948692467125845 -3238.0499094110596 0 0.00043898012744196215 0.00084815362117468551 100.65547940928991 0.9421250000000001 4.4644326172714726 0.00084124817032302658 1.1551757861209213 117.59047140480256 123.04608730895696
decision_type=2 2 2 1 2 2 2 2 2 2 2 2 2
left_child=1 2 4 -4 -1 9 7 10 -7 -3 -2 -8 -13
right_child=6 5 3 -5 -6 8 11 -9 -10 -11 -12 12 -14
leaf_value=0.01650155875565576 0.0017291219394232132 0.046881585792282632 0.038764405438327369 0.027414751103633776 0.045464765318330727 0.039053509201799022 -0.040413176357677973 0.035572155113598646 0.050319207202673112 0.07280167795107377 -0.031553638873493238 -0.040339038178222257 -0.040335869337223197
leaf_weight=23.365596188232303 2.9010466374456909 18.323858973570168 313.97666857112199 309.5957855489105 249.12190710194409 143.54178098868579 1.7907249554991711 2.1875857338309279 87.909976269118488 20.667388493195176 12.865611493587492 1.7895970912650216 293.20548351947218
leaf_count=190 41 167 2527 2404 2407 1768 21 20 730 160 144 25 4205
internal_value=0.0219202 0.0383741 0.0361253 0.0331294 0.0429812 0.045825 -0.039062 -0.0179971 0.0433324 0.0606206 -0.0254296 -0.0403364 -0.0403359
internal_weight=1481.24 1166.5 896.06 623.572 272.488 270.443 314.74 17.9542 231.452 38.9912 15.7667 296.786 294.995
internal_count=14809 10353 7528 4931 2597 2825 4456 205 2498 327 185 4251 4230
cat_boundaries=0 1
cat_threshold=1
is_linear=0
shrinkage=0.03


Tree=6
num_leaves=14
num_cat=0
split_feature=12 8 12 8 8 8 5 8 12 8 1 12 0
split_gain=1546.29 19.7637 20.0471 29.4851 13.0607 10.4203 7.32621 6.40485 2.66965 8.38481 0.235696 1.06086e-08 5.68434e-14
threshold=49.526131972925192 0.00082948692467125845 6.8991913319150706 0.00081935242193034274 0.00057471391869960643 0.00084815362117468551 4.4644326172714726 0.00084124817032302658 117.59047140480256 0.00088662399253536001 0.50785466269001467 137.73667498545561 0.59339966986243353
decision_type=2 2 2 2 2 2 2 2 2 2 2 2 2
left_child=1 2 4 -4 -1 7 -7 -3 9 10 -2 -10 -13
right_child=8 5 3 -5 -6 6 -8 -9 11 -11 -12 12 -14
leaf_value=0.031795033289874028 -0.02762683102474469 0.04507961284856149 0.028997604835248797 -0.027105015517609743 0.040367388301245387 0.037114132816798602 0.048017487503860264 0.069190374422302983 -0.039929084433052424 0.02113121833504028 -0.039637290750323462 -0.039927259297762578 -0.039927259363602446
leaf_weight=258.89448078908026 1.735562540590762 18.71742192003876 223.9572801599279 8.7607909217476827 418.58473141677678 145.99747731816024 89.439925745129585 21.086979357525706 2.8952423725277177 2.6861890824511638 9.6299724243581277 222.44572439603508 63.820872787386179
leaf_count=2052 18 169 1548 135 3833 1778 734 160 39 36 116 3683 508
internal_value=0.0211488 0.0366122 0.0344821 0.0268856 0.0370915 0.0436563 0.0412562 0.0578527 -0.0393067 -0.0265371 -0.0378032 -0.0399273 -0.0399273
internal_weight=1488.65 1185.44 910.197 232.718 677.479 275.242 235.437 39.8044 303.214 14.0517 11.3655 289.162 286.267
internal_count=14809 10409 7568 1683 5885 2841 2512 329 4400 170 134 4230 4191
is_linear=0
shrinkage=0.03


Tree=7
num_leaves=14
num_cat=0
split_feature=11 4 6 3 6 4 12 11 6 4 2 12 11
split_gain=1452.32 26.8616 35.9921 25.207 13.6243 9.52046 7.37842 2.99235 4.67346 0.760543 0.570125 4.10248e-05 1.57239e-08
threshold=40.333869414599384 26.500000000000004 0.98812500000000003 0.95897500000000002 0.7117500000000001 13.500000000000002 12.909566509774502 100.65547940928991 0.9421250000000001 1.0000000180025095e-35 1.5635135564635385 117.59047140480256 123.04608730895696
decision_type=2 2 2 2 2 2 2 2 2 2 2 2 2
left_child=1 4 3 -3 5 -1 -6 8 9 -2 -4 -9 -13
right_child=7 2 10 -5 6 -7 -8 11 -10 -11 -12 12 -14
leaf_value=0.033030761600188543 -0.021391383203460641 0.0028666476331956855 0.061663539966293646 0.03174619351674958 0.042486394151931235 0.041925540279439379 -0.0046682854166053001 -0.039685390700203847 0.021646756800778429 -0.037999254219091505 0.073832780071183143 -0.039541577769896877 -0.039538699689259653
leaf_weight=636.61522398795933 3.9430249575525504 59.227720730006695 7.4281328916549665 50.303022500127554 303.89771171752363 130.50117112323642 3.0160979330539694 1.7267286479473103 1.7057112436741579 6.6958087850362062 6.4939804971218109 1.7188515281304706 281.61276048794389
leaf_count=6605 76 297 26 241 2672 515 30 21 16 60 20 25 4205
internal_value=0.0204216 0.0351578 0.0219049 0.0161299 0.0366811 0.0345439 0.042023 -0.0389134 -0.0244529 -0.031844 0.0673399 -0.0395396 -0.0395387
internal_weight=1494.89 1197.48 123.453 109.531 1074.03 767.116 306.914 297.403 12.3445 10.6388 13.9221 285.058 283.332
internal_count=14809 10406 584 538 9822 7120 2702 4403 152 136 46 4251 4230
is_linear=0
shrinkage=0.03


Tree=8
num_leaves=14
num_cat=0
split_feature=12 9 12 3 0 6 4 9 12 6 0 12 0
split_gain=1363.13 27.2843 24.5367 24.535 19.4475 17.9448 15.2491 5.49126 2.64784 4.38985 0.842684 8.3574e-09 5.68434e-14
threshold=49.526131972925192 1.0000000180025095e-35 -4361.2061670217563 0.95462500000000017 0.6355971013087427 0.73525000000000007 23.500000000000004 0.34466043221602977 117.59047140480256 0.9421250000000001 0.55155621439948288 137.73667498545561 0.65952519185373115
decision_type=2 2 2 2 2 2 2 2 2 2 2 2 2
left_child=1 2 3 -1 6 -4 -3 -6 9 10 -2 -10 -13
right_child=8 4 5 -5 7 -7 -8 -9 11 -11 -12 12 -14
leaf_value=-0.012424101383945207 -0.023514810848199726 0.035288124369338758 0.0011872259342828209 0.05685317151499069 0.036537436288723614 0.031389475137189586 0.022384623074219179 0.055587236967235977 -0.039170564201764652 0.017908443591969879 -0.039565194878060421 -0.039168910605085934 -0.039168910778122359
leaf_weight=5.7338592223823097 5.391407788731156 938.98314083646983 54.490624504163861 23.285871103405952 18.551267042756081 26.226977571845055 90.359732758253813 51.218805145472288 2.7786305397748938 1.8072341233491886 6.4853143841028214 270.03556640166789 4.7001122981309882
leaf_count=49 101 8983 463 120 67 162 394 171 39 18 51 4156 35
internal_value=0.0197342 0.0337702 0.0195064 0.043165 0.0351943 0.0110006 0.0341554 0.0505221 -0.0385337 -0.0256509 -0.0322792 -0.0391689 -0.0391689
internal_weight=1500.05 1208.85 109.737 29.0197 1099.11 80.7176 1029.34 69.7701 291.198 13.684 11.8767 277.514 274.736
internal_count=14809 10409 794 169 9615 625 9377 238 4400 170 152 4230 4191
is_linear=0
shrinkage=0.03


Tree=9
num_leaves=14
num_cat=0
split_feature=11 8 12 8 8 8 11 6 1 8 2 12 11
split_gain=1283.76 17.4773 17.1731 17.5545 17.4042 9.33056 8.56614 7.64588 6.54958 6.06505 3.76993 7.64397e-05 1.25011e-08
threshold=25.525086630451142 0.00082948692467125845 -3238.0499094110596 0.00082233438929509614 0.00043898012744196215 0.00084815362117468551 100.65547940928991 0.95612500000000011 0.57952437345892849 0.00084124817032302658 1.1551757861209213 117.59047140480256 123.04608730895696
decision_type=2 2 2 2 2 2 2 2 2 2 2 2 2
left_child=1 2 4 -4 -1 9 7 10 -7 -3 -2 -8 -13
right_child=6 5 3 -5 -6 8 11 -9 -10 -11 -12 12 -14
leaf_value=0.01247493174538329 0.0062153156453633365 0.040138754655184399 0.028687822326333854 -0.0063473115754055266 0.039096173812701092 0.035784894590874257 -0.039020760679630638 0.042963549687638297 0.057885980809166931 0.06330164067961426 -0.030878438632123979 -0.038819337297224636 -0.03881671679718942
leaf_weight=24.160142816603184 3.0563882440328625 19.135156955569983 634.2632711539045 13.13791600614786 259.5122924298048 228.53890426550061 1.6627675155177701 1.7157580908387888 12.740572977811096 21.724972277879715 12.763437263667582 1.6484123831614841 270.07053993549198
leaf_count=190 42 167 4761 170 2407 2449 21 13 49 160 150 25 4205
internal_value=0.0190842 0.0326559 0.0306738 0.0279768 0.0368289 0.039197 -0.0375142 -0.0171881 0.0369519 0.0524543 -0.0237119 -0.038818 -0.0388167
internal_weight=1504.13 1213.21 931.074 647.401 283.672 282.14 290.917 17.5356 241.279 40.8601 15.8198 273.382 271.719
internal_count=14809 10353 7528 4931 2597 2825 4456 205 2498 327 192 4251 4230
is_linear=0
shrinkage=0.03


Tree=10
num_leaves=15
num_cat=0
split_feature=12 9 12 3 6 0 12 0 12 1 0 12 9 0
split_gain=1199.94 29.3951 31.1219 20.3194 20.1649 11.7829 13.8455 13.7873 3.45468 4.96226 0.933926 4.49375e-08 8.06513e-08 5.68434e-14
threshold=67.430183907025651 1.0000000180025095e-35 -3816.6048903296278 0.95462500000000017 0.14312500000000003 0.5753776269917833 -3238.0499094110596 0.53821817634805991 117.59047140480256 0.57270922176232519 0.53260295029627691 137.73667498545561 0.40871868488308738 0.65952519185373115
decision_type=2 2 2 2 2 2 2 2 2 2 2 2 2 2
left_child=1 2 3 -1 -4 7 -7 -3 9 10 -2 12 -10 -13
right_child=8 5 4 -5 -6 6 -8 -9 11 -11 -12 13 -14 -15
leaf_value=0.0035004895985881789 -0.011171870830097411 0.034170620800746149 0.061441460869100704 0.054867366109412868 0.0022463430825756915 0.046680260982707757 0.033520431451811765 0.025867766750669371 -0.03849116168309584 0.029962849680538847 -0.034684412731446242 -0.038481037993434046 -0.038480727412605727 -0.038481037713522348
leaf_weight=9.6242117583751661 1.96706706471741 393.33680613804609 5.5666436180472365 24.766326904296875 74.424377977848053 96.979516968131065 278.82705928012729 331.86388207785785 1.1053894683718675 1.4877347834408272 6.6955182254314423 262.61607335787266 1.6799143617972729 3.9730667918920508
leaf_count=75 44 5914 42 121 580 339 1127 2183 20 10 77 4212 24 31
internal_value=0.0182117 0.0311014 0.0166264 0.0404923 0.00636578 0.0326052 0.0369164 0.0303711 -0.0378337 -0.0206525 -0.0293453 -0.0384811 -0.0384849 -0.038481
internal_weight=1494.91 1215.39 114.382 34.3905 79.991 1101.01 375.807 725.201 279.525 10.1503 8.66259 269.374 2.7853 266.589
internal_count=14799 10381 818 196 622 9563 1466 8097 4418 131 121 4287 44 4243
is_linear=0
shrinkage=0.03


Tree=11
num_leaves=14
num_cat=0
split_feature=11 1 4 8 0 8 11 8 8 4 11 0 11
split_gain=1131.19 14.2725 22.0626 27.8324 17.7553 9.59833 8.5151 20.1608 1.91411 0.36529 0.0360395 0.06697 2.38742e-12
threshold=40.333869414599384 0.59287083118294692 24.500000000000004 0.00072490250349180622 0.5753776269917833 0.00053133237875646827 100.65547940928991 0.00088662399253536001 0.00095218281888023216 1.0000000180025095e-35 123.04608730895696 0.54494002287035304 146.64398561555933
decision_type=2 2 2 2 2 2 2 2 2 2 2 2 2
left_child=1 2 4 -4 -1 -3 7 9 -7 -2 11 -8 -12
right_child=6 5 3 -5 -6 8 10 -9 -10 -11 12 -13 -14
leaf_value=0.02848893335610889 -0.026570407342430855 0.020393352033826452 0.0065180849444399233 0.035696152581817034 0.036995580069908482 0.068102333999041947 -0.029708373441616191 0.053314622139431792 0.049613769823842489 -0.039151907946379842 -0.038160852653442406 -0.038315836453674 -0.038160878395742566
leaf_weight=753.8869120310992 3.1445463178679329 6.9058101847767857 77.154329523444176 47.559093818068504 312.30848902463913 13.255243360996248 1.3029060540720814 3.1180674564093342 8.1312095038592798 6.1171032637357712 3.2736782245337954 2.1659123450517654 258.77376249153167
leaf_count=8455 64 37 384 186 1201 36 33 36 31 58 47 19 4212
internal_value=0.0176345 0.0300845 0.0295842 0.0176451 0.0309807 0.0511435 -0.0369867 -0.0126667 0.0610729 -0.0348802 -0.0381207 -0.0350828 -0.0381609
internal_weight=1497.1 1219.2 1190.91 124.713 1066.2 28.2923 277.896 12.3797 21.3865 9.26165 265.516 3.46882 262.047
internal_count=14799 10330 10226 570 9656 104 4469 158 67 122 4311 52 4259
is_linear=0
shrinkage=0.03


Tree=12
num_leaves=15
num_cat=0
split_feature=11 9 11 8 3 0 8 3 11 8 3 11 0 11
split_gain=1066.78 26.7108 28.887 24.9755 18.9449 10.6279 11.8492 9.79477 8.41241 18.9709 0.246213 0.0364621 0.0670223 2.10321e-12
threshold=40.333869414599384 1.0000000180025095e-35 -3788.2659200698786 0.00083817629999348041 0.95462500000000017 0.64052898208915821 0.0005502638307819022 0.9969080384226493 100.65547940928991 0.00088662399253536001 0.95697500000000002 123.04608730895696 0.54494002287035304 146.64398561555933
decision_type=2 2 2 2 2 2 2 2 2 2 2 2 2 2
left_child=1 2 4 -4 -1 7 -7 -3 9 10 -2 12 -10 -13
right_child=8 5 3 -5 -6 6 -8 -9 11 -11 -12 13 -14 -15
leaf_value=0.0025577418901345165 -0.038976991871885643 0.030160129391426829 -0.0025093385874332954 0.040603337954786996 0.05191499411654981 0.023583569760340744 0.052601245069636711 0.0096045221389449518 -0.029311624347594545 0.050584165508991009 -0.02905938061651208 -0.037855294963936713 -0.038003359471635821 -0.03785531945878811
leaf_weight=9.7124976105988008 4.9691358534619194 1032.6841895077378 65.829906130209565 14.814985459670423 25.051135178655386 18.911598443984985 38.343163058161736 21.293144791387022 1.2812544852495187 3.1866940148174754 4.1214572880417109 3.202180557884275 2.1189202088862658 253.12210733164102
leaf_count=75 68 8980 494 128 121 77 114 341 33 36 54 47 19 4212
internal_value=0.0170831 0.029002 0.0152651 0.00541074 0.0381252 0.0304287 0.0430165 0.0297449 -0.0366673 -0.0124012 -0.0344806 -0.0378144 -0.0347281 -0.0378553
internal_weight=1498.64 1226.64 115.409 80.6449 34.7636 1111.23 57.2548 1053.98 272.002 12.2773 9.09059 259.724 3.40017 256.324
internal_count=14799 10330 818 622 196 9512 191 9321 4469 158 122 4311 52 4259
is_linear=0
shrinkage=0.03


Tree=13
num_leaves=13
num_cat=0
split_feature=12 1 0 1 8 11 8 1 8 12 0 11
split_gain=1007.52 13.2733 12.1276 14.0004 8.44876 3.69024 12.3898 2.89086 1.72107 0.0673931 0.030609 5.57854e-06
threshold=67.430183907025651 0.59287083118294692 0.65952519185373115 0.5593455672597476 0.00053133237875646827 100.65547940928991 0.00091622808619043147 0.50521723301754984 0.00095218281888023216 117.59047140480256 0.53323861618733071 123.04608730895696
decision_type=2 2 2 2 2 2 2 2 2 2 2 2
left_child=1 2 3 -1 -3 6 10 -4 -6 -7 -2 -11
right_child=5 4 7 -5 8 9 -8 -9 -10 11 -12 -13
leaf_value=0.027848317909703612 -0.033189624872714048 0.019282202727683231 0.069697901714478636 0.015000459939725834 0.063869786598848913 -0.03184282272832796 0.052083774972155966 0.043234552148815997 0.046453327379147584 -0.037622217196920577 -0.038280251108130416 -0.037563511563940631
leaf_weight=1101.442562087439 1.3685129638761271 6.9564321711659458 4.5294686853885677 82.018680218607187 13.48509129881859 1.8668675459921349 1.8152647735550997 20.665703698992729 8.2187242321670038 1.4653288023546327 4.7623886577785015 250.65181670431048
leaf_count=9820 33 37 11 377 36 24 21 69 31 28 53 4259
internal_value=0.0165596 0.0278749 0.0273964 0.0269579 0.0480531 -0.036892 -0.0167603 0.047992 0.0572746 -0.0375218 -0.0371439 -0.0375639
internal_weight=1499.25 1237.32 1208.66 1183.46 28.6602 261.93 7.94617 25.1952 21.7038 253.984 6.1309 252.117
internal_count=14799 10381 10277 10197 104 4418 107 80 67 4311 86 4287
is_linear=0
shrinkage=0.03


Tree=14
num_leaves=14
num_cat=0
split_feature=12 8 2 8 11 8 8 11 8 11 12 0 11
split_gain=951.865 12.7183 18.5761 16.7805 14.0903 12.0872 6.77746 3.6545 11.7148 1.95785 0.0681532 0.0310536 4.98373e-06
threshold=67.430183907025651 0.00084124817032302658 1.2355085306671707 0.00082233438929509614 25.525086630451142 0.00084815362117468551 0.0014611832197286357 100.65547940928991 0.00091622808619043147 -113.39781605295718 117.59047140480256 0.53323861618733071 123.04608730895696
decision_type=2 2 2 2 2 2 2 2 2 2 2 2 2
left_child=1 2 3 -1 -4 9 -7 8 11 -3 -9 -2 -12
right_child=7 5 4 -5 -6 6 -8 10 -10 -11 12 -13 -14
leaf_value=0.019406685497422974 -0.032793727714271539 0.041233816903665059 0.027801195350351943 -0.017575740625862146 -0.019863029433937879 0.029354950157331992 0.048612063753268965 -0.031477821300576699 0.049488709916566627 0.059814905453193498 -0.03734078789732441 -0.037970215219663046 -0.037284669474672592
leaf_weight=194.14594213105738 1.3438572110608209 7.700766623020173 761.92116649728268 11.708146486431358 5.623030148446559 229.46900425571948 17.718604955822229 1.8323827246204007 1.8525471491739152 15.132793582975864 1.4325766675174225 4.6588028594851494 245.03549879882485
leaf_count=1408 33 58 6124 154 56 2325 156 24 21 100 28 53 4259
internal_value=0.0160553 0.0269038 0.0253058 0.0173033 0.027452 0.0326644 0.0307353 -0.0366048 -0.0164586 0.0535483 -0.0372421 -0.0368113 -0.037285
internal_weight=1499.58 1243.42 973.398 205.854 767.544 270.021 247.188 256.156 7.85521 22.8336 248.3 6.00266 246.468
internal_count=14799 10381 7742 1562 6180 2639 2481 4418 107 158 4311 86 4287
is_linear=0
shrinkage=0.03


Tree=15
num_leaves=15
num_cat=0
split_feature=12 9 12 3 12 12 9 4 5 5 3 12 0 0
split_gain=889.656 24.2862 25.0408 23.1961 15.5428 11.8072 11.3833 15.3994 6.35605 4.03142 2.42109 2.04313e-06 2.54849e-06 1.13687e-13
threshold=36.45106661606119 1.0000000180025095e-35 -3816.6048903296278 0.95462500000000017 -37.724937239096612 117.59047140480256 0.060178165804181213 26.500000000000004 3.2401486412535117 9.9270125238211495 0.98072500000000018 137.73667498545561 0.56754506532167259 0.58740733368920062
decision_type=2 2 2 2 2 2 2 2 2 2 2 2 2 2
left_child=1 2 3 -1 -4 9 8 -8 -3 10 -2 12 -7 -13
right_child=5 6 4 -5 -6 11 7 -9 -10 -11 -12 13 -14 -15
leaf_value=-0.0080484013123209401 -0.022361118976817158 0.028664126285880744 -0.01831854422477644 0.049861136537461964 0.011699822386271765 -0.03707469254543231 0.0277085588710872 0.013464871859059969 0.048651097050766881 0.031530463236307524 0.0060197946156284972 -0.037018064294753801 -0.037016146481811577 -0.037018064301222585
leaf_weight=8.387958934530614 13.430509131401783 24.63779641315341 21.193285809829831 24.144300419837236 58.030106585472822 1.2935906397178762 987.94084849115461 73.387424096465111 34.19323980435729 1.7235693875700224 3.3875346323475233 171.43635032232851 1.386250454932451 64.653877377510071
leaf_count=71 168 189 170 114 424 30 8758 313 194 11 38 3575 13 621
internal_value=0.015508 0.0261052 0.0127695 0.03493 0.00366952 -0.0352276 0.0274357 0.0267237 0.0402808 -0.0121664 -0.0166446 -0.0370184 -0.0370444 -0.0370181
internal_weight=1489.23 1231.91 111.756 32.5323 79.2234 257.312 1120.16 1061.33 58.831 18.5416 16.818 238.77 2.67984 236.09
internal_count=14689 10233 779 185 594 4456 9454 9071 383 217 206 4239 43 4196
is_linear=0
shrinkage=0.03


Tree=16
num_leaves=10
num_cat=1
split_feature=8 8 7 9 9 0 5 1 1
split_gain=15.9784 16.7903 23.7 18.8703 15.194 12.6291 11.982 2.67743 0.292714
threshold=0.00024923275579438682 0.00072490250349180622 0 0.10811831807750011 1.0000000180025095e-35 0.64052898208915821 4.4644326172714726 0.53902829206585723 0.54582547978629037
decision_type=2 2 1 2 2 2 2 2 2
left_child=7 2 8 6 -4 -5 -3 -1 -2
right_child=1 3 4 5 -6 -7 -8 -9 -10
leaf_value=0.037082394668902535 -0.036325982850799819 0.020821916491096028 -0.00031358057640727335 0.015464434420732099 0.013796500119360117 0.03959727545903468 0.042897422877927603 0.066383322483232796 -0.049565304645500595
leaf_weight=6.085519611835478 2.3484421670436859 45.900695644319057 75.07975372299552 480.04276964068413 806.25801969878376 20.343326549977064 42.726954702287912 5.209292396903038 4.1748717874288559
leaf_count=34 37 452 492 5919 7367 80 265 16 27
internal_value=0.01505 0.0147782 0.0121728 0.0187054 0.0125945 0.0164456 0.0314644 0.0505963 -0.044799
internal_weight=1488.17 1476.87 887.861 589.014 881.338 500.386 88.6277 11.2948 6.52331
internal_count=14689 14639 7923 6716 7859 5999 717 50 64
cat_boundaries=0 1
cat_threshold=4
is_linear=0
shrinkage=0.03


Tree=17
num_leaves=14
num_cat=1
split_feature=12 4 6 7 5 8 12 8 0 12 8 0 4
split_gain=837.182 15.1775 34.4925 21.0588 11.7978 15.9006 11.5856 15.2913 9.22607 2.12678 3.49855e-05 7.90512e-05 1.10559e-05
threshold=36.45106661606119 26.500000000000004 0.99212500000000003 0 3.3121912552449779 0.00043430792079967895 117.59047140480256 0.00096303056959902683 0.56685401131276336 67.430183907025651 0.00072490250349180622 0.64052898208915821 45.500000000000007
decision_type=2 2 2 1 2 2 2 2 2 2 2 2 2
left_child=1 4 3 -3 5 -1 7 9 -6 -2 12 -12 -8
right_child=6 2 -4 -5 8 -7 10 -9 -10 -11 11 -13 -14
leaf_value=0.0058148994200227259 -0.01333202186213322 -0.030818687680359527 0.060865502596806537 0.013901363373623094 0.026131255800256693 0.0248696770381222 -0.036855291146861473 0.046460386780733151 0.036198827193145364 -0.035742886775965148 -0.036872282003010522 -0.03703618547496166 -0.036815757733145833
leaf_weight=41.653644345700741 7.3973846118897217 10.381710045039654 13.344553604722021 108.75386130437255 184.31919942330569 732.98173678573221 135.10839330498129 3.2867045281454912 147.46868313848972 7.8610242279246449 90.932258935645223 2.7277918271720401 6.6814350560307494
leaf_count=273 72 62 38 491 2101 6743 2140 30 525 115 1996 27 76
internal_value=0.0145514 0.0247235 0.0151275 0.0100044 0.0258725 0.0238451 -0.0350646 -0.0122348 0.030606 -0.0248779 -0.0368628 -0.0368771 -0.0368534
internal_weight=1492.9 1238.9 132.48 119.136 1106.42 774.635 253.995 18.5451 331.788 15.2584 235.45 93.6601 141.79
internal_count=14689 10233 591 553 9642 7016 4456 217 2626 187 4239 2023 2216
cat_boundaries=0 1
cat_threshold=4
is_linear=0
shrinkage=0.03


Tree=18
num_leaves=15
num_cat=0
split_feature=12 9 12 8 3 12 8 9 12 9 9 8 9 9
split_gain=792.532 21.7202 23.7087 28.5437 21.6029 11.4847 14.3935 10.4976 13.2929 9.21689 3.76785 3.13152e-05 3.89929e-05 2.81949e-05
threshold=36.45106661606119 1.0000000180025095e-35 -3816.6048903296278 0.00082948692467125845 0.95462500000000017 117.59047140480256 0.00096303056959902683 0.99999819802157197 -23.324682383295862 0.060178165804181213 0.14970468245954896 0.00072490250349180622 1.0000000180025095e-35 0.10811831807750011
decision_type=2 2 2 2 2 2 2 2 2 2 2 2 2 2
left_child=1 2 4 -4 -1 6 10 9 -9 -3 -2 12 -7 -13
right_child=5 7 3 -5 -6 11 -8 8 -10 -11 -12 13 -14 -15
leaf_value=-0.0085247793459583728 0.012889824021925076 0.037148194778726565 -0.0064709226946598458 0.038231851060227966 0.047247525064608817 -0.03651640145573113 0.044446468078518757 0.030146291627099885 -0.008452502357430846 0.024999490832457148 -0.030491866763033677 -0.036716178685474776 -0.03660829903898366 -0.036624922534223725
leaf_weight=8.4213063865900022 2.0927540417760637 59.42114208266139 63.800567394122481 16.099230591207743 24.248456109315157 4.2882266761735073 3.3318454707041374 14.249304562807081 18.397765327244997 1038.08341345191 12.963448166847227 3.1559663228690615 134.2290789745748 88.344498569145799
leaf_count=71 18 383 463 131 114 65 30 89 154 8828 169 76 2151 1947
internal_value=0.0141285 0.0239068 0.0113401 0.00253636 0.0328711 -0.0347906 -0.011976 0.0251586 0.00839452 0.0256572 -0.024462 -0.0366145 -0.0366055 -0.0366281
internal_weight=1491.13 1242.72 112.57 79.8998 32.6698 248.406 18.388 1130.15 32.6471 1097.5 15.0562 230.018 138.517 91.5005
internal_count=14689 10233 779 594 185 4456 217 9454 243 9211 187 4239 2216 2023
is_linear=0
shrinkage=0.03


Tree=19
num_leaves=14
num_cat=0
split_feature=11 6 5 4 11 11 1 4 11 4 6 12 0
split_gain=751.795 13.8989 28.4826 16.818 9.43465 7.92297 15.556 5.98558 3.0118 1.02275 0.462915 0.0594312 2.04521e-05
threshold=40.333869414599384 0.99037500000000012 18.146963183313403 26.500000000000004 -1.0000000180025095e-35 100.65547940928991 0.57952437345892849 24.500000000000004 -485.76430820488036 4.5000000000000009 0.99662500000000021 117.59047140480256 0.64052898208915821
decision_type=2 2 2 2 2 2 2 2 2 2 2 2 2
left_child=1 2 3 -1 -4 6 9 8 -3 -2 -9 -7 -13
right_child=5 7 4 -5 -6 11 -8 10 -10 -11 -12 12 -14
leaf_value=0.02414900858798117 -0.018457741179529835 0.042824295935423182 0.02212029406844282 0.011808646332572172 -0.036789883766945863 -0.031089996425458722 0.071519419007432347 0.05108189390383841 0.011909452748129877 -0.038295105155623302 0.061209560794594782 -0.036374979713399397 -0.036425784486297186
leaf_weight=1100.1045690244064 6.6926045631989819 5.626792626455428 3.2823732346296302 109.26673116162419 9.6107800863683206 1.9302398227155197 1.7433350533246983 9.1857218295335787 5.7187093328684568 3.5958011969923973 7.2818466126918784 217.28348824661225 7.3733574971556655
leaf_count=9552 115 45 18 499 59 27 6 28 47 34 20 4167 72
internal_value=0.0137241 0.0230384 0.0225612 0.0230341 -0.0217924 -0.0350719 -0.0113491 0.0440085 0.0272416 -0.0253909 0.0555603 -0.0363316 -0.0363766
internal_weight=1488.7 1250.08 1222.26 1209.37 12.8932 238.619 12.0317 27.8131 11.3455 10.2884 16.4676 226.587 224.657
internal_count=14689 10268 10128 10051 77 4421 155 140 92 149 48 4266 4239
is_linear=0
shrinkage=0.03


Tree=20
num_leaves=15
num_cat=0
split_feature=11 9 11 6 3 4 6 4 11 1 4 11 1 9
split_gain=690.446 14.2911 17.3508 17.8772 16.9609 10.5932 22.2547 20.8819 10.5394 10.6374 1.86689 0.0406827 0.0863901 8.96369e-06
threshold=25.525086630451142 1.0000000180025095e-35 -4365.1424815312894 0.62975000000000014 0.95462500000000017 24.500000000000004 0.98812500000000003 12.500000000000002 100.65547940928991 0.57952437345892849 1.0000000180025095e-35 123.04608730895696 0.5215357151084038 1.0000000180025095e-35
decision_type=2 2 2 2 2 2 2 2 2 2 2 2 2 2
left_child=1 2 4 -4 -1 7 -7 -3 9 10 -2 12 -10 -13
right_child=8 5 3 -5 -6 6 -8 -9 11 -11 -12 13 -14 -15
leaf_value=-0.013490414615657061 -0.0073266407134677664 0.021867411069587769 -0.006526088885845216 0.020977033481863486 0.042580756382275896 0.0080317288525117714 0.048713763252084409 0.032816095214738508 -0.025763571935544578 0.052254974017011506 -0.029033381904838458 -0.03610646215901419 -0.03648198719295348 -0.036150141676327824
leaf_weight=6.0544826239347485 5.926076669245961 827.47147870995104 49.895325236022472 37.076253680512309 24.512262530624866 86.377325166016817 14.073923289775847 193.42715189605951 1.0630393624305718 2.066125512123107 8.9536115527152997 4.315800870768725 1.8625643579289315 208.73688094783574
leaf_count=52 111 8242 437 210 118 374 43 694 22 8 85 88 31 4036
internal_value=0.0130746 0.021984 0.0120318 0.00519858 0.0314745 0.0230272 0.0137316 0.0239418 -0.0343135 -0.0115313 -0.0203883 -0.036101 -0.0325874 -0.0361493
internal_weight=1471.81 1238.89 117.538 86.9716 30.5667 1121.35 100.451 1020.9 232.924 16.9458 14.8797 215.978 2.9256 213.053
internal_count=14551 10170 817 647 170 9353 417 8936 4381 204 196 4177 53 4124
is_linear=0
shrinkage=0.03


Tree=21
num_leaves=15
num_cat=1
split_feature=12 9 8 8 4 4 8 11 8 5 7 4 12 8
split_gain=656.263 13.3128 21.4103 23.9647 9.85942 20.0691 14.086 8.95308 15.0859 6.00425 3.75924 0.895237 0.093329 2.08059e-05
threshold=36.45106661606119 1.0000000180025095e-35 0.00071960034685554833 0.00065404896642084944 24.500000000000004 12.500000000000002 0.00058119998997904104 100.65547940928991 0.00088662399253536001 3.4122419670114814 0 1.0000000180025095e-35 117.59047140480256 0.00072490250349180622
decision_type=2 2 2 2 2 2 2 2 2 2 1 2 2 2
left_child=1 2 3 -1 5 -3 -6 8 11 -4 -10 -2 -9 -14
right_child=7 4 9 -5 6 -7 -8 12 10 -11 -12 -13 13 -15
leaf_value=0.011260893468179397 -0.018606510780699578 0.021121052586709342 0.018880721508238867 -0.029172784572148433 -0.0058351176917527045 0.031832939201476153 0.019894885613221534 -0.027912599077090951 0.0056037362516804965 0.041007350322583271 0.059279421379894393 -0.037296502649105202 -0.035923633909425816 -0.035942839584729575
leaf_weight=53.772377446293831 3.3032119916751963 829.88528225850314 28.214886298403144 17.481423139572144 25.738342471420765 194.25954092293978 74.800781801342964 1.3144373688846815 2.3338358663022518 18.129782151430845 2.3636458516120902 7.6444965992122889 123.19696886464953 86.346234483644366
leaf_count=322 72 8254 276 108 119 695 298 22 30 111 14 75 2140 2015
internal_value=0.0127059 0.0212686 0.0116644 0.00134089 0.0222728 0.0231529 0.0133079 -0.0342569 -0.0123604 0.0275365 0.0326119 -0.0316572 -0.0358816 -0.0359315
internal_weight=1468.79 1242.28 117.598 71.2538 1124.68 1024.14 100.539 226.503 15.6452 46.3447 4.69748 10.9477 210.858 209.543
internal_count=14551 10183 817 430 9366 8949 417 4368 191 387 44 147 4177 4155
cat_boundaries=0 1
cat_threshold=2
is_linear=0
shrinkage=0.03


Tree=22
num_leaves=15
num_cat=0
split_feature=12 12 9 8 1 0 12 8 8 0 0 8 0 9
split_gain=622.794 12.6734 21.8141 27.0108 17.028 10.2361 8.66944 14.1736 7.818 6.82482 1.66628 1.86781e-05 4.54408e-05 2.0853e-05
threshold=36.45106661606119 -4361.2061670217563 1.0000000180025095e-35 0.00082948692467125845 0.5313232539956404 0.64052898208915821 117.59047140480256 0.00091622808619043147 0.00054383330839279022 0.57961300510382896 0.54498656682583257 0.00072490250349180622 0.64052898208915821 1.0000000180025095e-35
decision_type=2 2 2 2 2 2 2 2 2 2 2 2 2 2
left_child=1 4 3 -3 9 -4 7 10 -6 -1 -2 13 -13 -8
right_child=6 2 5 -5 8 -7 11 -9 -10 -11 -12 12 -14 -15
leaf_value=0.019130246353842424 -0.016556692354519925 -0.0040936191621231081 0.019643134633403427 0.036456049595653725 0.017671152905100275 0.034079101144890121 -0.03563724626584832 0.033599743370553416 0.042071645095228462 0.035498136751198069 -0.038782589359964759 -0.035729356972451914 -0.035865078786724985 -0.035716630206660084
leaf_weight=164.39820541627705 5.2141241272911447 68.34268762357533 837.73394918721169 18.865604793652892 14.336888400837777 46.669250473380089 3.0557976439595214 4.3107956741005173 67.262616101652384 26.642671547830105 7.2665310464799404 81.996895492076874 2.2819703854620448 117.18925714492798
leaf_count=1949 109 501 7003 146 67 154 56 39 277 86 65 1989 26 2084
internal_value=0.0123493 0.0205972 0.0189934 0.00467841 0.0263128 0.0204049 -0.0340209 -0.0132985 0.0377845 0.0214129 -0.0294971 -0.0357222 -0.035733 -0.0357146
internal_weight=1465.57 1244.25 971.611 87.2083 272.64 884.403 221.315 16.7915 81.5995 191.041 12.4807 204.524 84.2789 120.245
internal_count=14551 10183 7804 647 2379 7157 4368 213 344 2035 174 4155 2015 2140
is_linear=0
shrinkage=0.03


Tree=23
num_leaves=10
num_cat=0
split_feature=8 8 1 1 4 4 4 2 0
split_gain=14.6848 11.9474 17.047 9.07665 9.59136 8.61295 6.67517 6.26904 3.47616
threshold=0.00024923275579438682 0.00052979230856220092 0.56980854456542629 0.59039668167445225 1.5000000000000002 48.500000000000007 22.500000000000004 1.2436548392931301 0.55721358759259987
decision_type=2 2 2 2 2 2 2 2 2
left_child=8 2 7 4 -3 -4 -5 -2 -1
right_child=1 3 5 6 -6 -7 -8 -9 -10
leaf_value=0.022109338441884032 -0.00027490086242106784 0.015921739368895651 -0.035659276812750461 0.051685527888645229 0.010314327303373182 0.0049338328423646398 0.020055280735797463 0.010669815073584983 0.05538032383520012
leaf_weight=4.2603723369538775 60.162777444347739 476.33507504872978 12.484189599752428 8.7772805541753787 648.02104791998863 7.5487211719155303 19.010486949235201 216.95752421859652 8.3960443884134275
leaf_count=30 466 8027 92 28 3822 60 105 1896 25
internal_value=0.0120062 0.0117252 0.00636178 0.0131085 0.0126899 -0.0203631 0.0300463 0.00829372 0.0441807
internal_weight=1461.95 1449.3 297.153 1152.14 1124.36 20.0329 27.7878 277.12 12.6564
internal_count=14551 14496 2514 11982 11849 152 133 2362 55
is_linear=0
shrinkage=0.03


Tree=24
num_leaves=14
num_cat=0
split_feature=12 11 9 4 12 0 11 1 11 4 4 12 4
split_gain=588.8 12.1421 20.3358 16.9891 16.7732 9.68084 8.70039 9.62131 6.88205 6.78496 2.69348 0.0944507 4.84227e-05
threshold=36.45106661606119 -4365.1424815312894 1.0000000180025095e-35 9.5000000000000018 -37.724937239096612 0.64052898208915821 100.65547940928991 0.57952437345892849 -6372.5087238568949 1.5000000000000002 1.0000000180025095e-35 117.59047140480256 1.5000000000000002
decision_type=2 2 2 2 2 2 2 2 2 2 2 2 2
left_child=1 3 4 9 -3 -4 7 10 -5 -1 -2 -8 -13
right_child=6 2 5 8 -6 -7 11 -9 -10 -11 -12 12 -14
leaf_value=0.024212260210527317 -0.0046492250784848019 -0.016528888319346711 0.018629092493313782 0.020111125551674564 0.012534524723104091 0.03267238722885045 -0.027402930862377037 0.047265843017079215 0.040266195022139142 0.012177198461115635 -0.032340036466544243 -0.035604878913096293 -0.035574030283343376
leaf_weight=119.02722021564841 5.1626505618914953 25.060571512207389 838.82294890843332 19.49002369120717 62.300983268767595 46.635368496179581 1.2778748646378506 2.1155118495225897 70.041648590937257 65.282175041735172 8.1557294931262714 70.514339487999678 130.63654707185924
leaf_count=1673 100 197 7000 76 450 154 22 8 243 390 83 2573 1582
internal_value=0.0116252 0.0195771 0.0180063 0.0251575 0.00419738 0.0193687 -0.0338778 -0.0121659 0.0358787 0.0199495 -0.0216061 -0.0355332 -0.0355848
internal_weight=1464.52 1246.66 972.82 273.841 87.3616 885.458 217.863 15.4339 89.5317 184.309 13.3184 202.429 201.151
internal_count=14551 10183 7801 2382 647 7154 4368 191 319 2063 183 4177 4155
is_linear=0
shrinkage=0.03


Tree=25
num_leaves=14
num_cat=0
split_feature=11 4 8 8 1 9 8 6 11 8 1 12 8
split_gain=583.995 15.2738 30.6381 27.8452 14.5146 21.4021 13.8193 12.3812 9.31689 8.43514 1.83856 0.0710623 7.85632e-05
threshold=25.525086630451142 23.500000000000004 0.00072490250349180622 0.00066785314289907966 0.5313232539956404 1.0000000180025095e-35 0.0005502638307819022 0.75325000000000009 100.65547940928991 0.0010486499679667352 0.50740513150730127 117.59047140480256 0.00052979230856220092
decision_type=2 2 2 2 2 2 2 2 2 2 2 2 2
left_child=1 4 3 -3 5 -1 -6 -4 9 10 -2 -10 -13
right_child=8 2 7 -5 6 -7 -8 -9 11 -11 -12 12 -14
leaf_value=-0.00049337139941685272 0.002413224628916434 0.011326593876791189 0.0066359151567206382 -0.023652786741412992 0.015539011880891294 0.019845552582154754 0.030620724277351456 0.036321258372210417 -0.02906854496106151 0.042923715364562874 -0.025484312174183052 -0.03535308911263272 -0.035399480689099524
leaf_weight=49.5015839766711 2.6137178577482727 61.106826893985271 18.227239944040775 30.808122180402279 74.85162858478725 784.45068670902401 202.90062805265188 41.289774887263775 1.6132672009989608 2.1986510083079329 11.396904857829211 41.305069229565561 160.56709313485771
leaf_count=478 23 274 78 167 358 7896 953 144 25 17 159 708 3569
internal_value=0.0115473 0.019399 0.0104607 -0.000397821 0.0206166 0.0186383 0.0265563 0.02723 -0.0335962 -0.0117069 -0.02028 -0.0353399 -0.03539
internal_weight=1482.83 1263.14 151.432 91.9149 1111.7 833.952 277.752 59.517 219.695 16.2093 14.0106 203.485 201.872
internal_count=14849 10348 663 441 9685 8374 1311 222 4501 199 182 4302 4277
is_linear=0
shrinkage=0.03


Tree=26
num_leaves=14
num_cat=0
split_feature=12 9 8 8 1 0 11 9 11 8 12 0 8
split_gain=555.313 13.8071 20.5729 37.5827 9.40156 9.24087 8.99546 4.53113 2.35306 9.26118 0.0725235 0.0388116 7.06279e-05
threshold=67.430183907025651 0.24583040823821109 0.0007131052767385223 0.00069905489594166185 0.52704438851335056 0.6355971013087427 25.525086630451142 0.35988314481585942 100.65547940928991 0.0010140735604050302 117.59047140480256 0.53260295029627691 0.00052979230856220092
decision_type=2 2 2 2 2 2 2 2 2 2 2 2 2
left_child=1 2 3 -1 -4 6 -3 -7 9 11 -10 -2 -12
right_child=8 5 4 -5 -6 7 -8 -9 10 -11 12 -13 -14
leaf_value=0.01180878927304671 -0.030679335892645203 0.020102154575279283 0.015664933109754402 -0.030835781397770316 0.030957562189384325 0.012236767792666378 -0.015580647700428702 0.036649167132093166 -0.028754415254457617 0.049341580748002919 -0.03516715232322104 -0.037021889372043294 -0.03521168742397808
leaf_weight=193.17459408193827 1.0956591302528966 853.5616449424997 83.777688419446349 20.581195116043091 63.683682279661298 8.103685609996317 6.4061216851696363 43.974919140338898 1.582432840950786 1.4740455839782951 40.293046050705016 4.1846779678016901 156.64007305167615
leaf_count=1279 34 7584 883 146 305 32 73 143 25 12 708 56 3569
internal_value=0.0112314 0.0186134 0.0136494 0.00770281 0.0222693 0.0205795 0.0198363 0.0328505 -0.0345587 -0.0171455 -0.0351512 -0.0357058 -0.0352026
internal_weight=1478.53 1273.26 361.217 213.756 147.461 912.046 859.968 52.0786 205.27 6.75438 198.516 5.28034 196.933
internal_count=14849 10445 2613 1425 1188 7832 7657 175 4404 102 4302 90 4277
is_linear=0
shrinkage=0.03


Tree=27
num_leaves=15
num_cat=0
split_feature=12 9 12 5 2 0 3 0 12 1 9 0 9 12
split_gain=528.336 12.9756 17.5999 13.3493 9.30122 7.64669 7.53854 6.031 2.21852 2.34099 0.763338 2.45905e-05 3.08583e-05 5.05229e-06
threshold=67.430183907025651 0.24583040823821109 -3612.0361060992491 31.023825348872155 1.0650049151892651 0.6355971013087427 0.93082500000000012 0.53159467646787129 117.59047140480256 0.57594785421179284 0.62057640802936487 0.54140747472007533 1.0000000180025095e-35 137.73667498545561
decision_type=2 2 2 2 2 2 2 2 2 2 2 2 2 2
left_child=1 2 6 -4 7 -6 -1 -3 9 10 -2 13 -13 -10
right_child=8 4 3 -5 5 -7 -8 -9 11 -11 -12 12 -14 -15
leaf_value=0.0085980342999378324 -0.031208950073515637 0.017630886047889708 0.0068995742215004329 0.041945489539592255 0.020038707787902257 0.031910709935937094 0.026280794843439936 -0.0012085482498895227 -0.035106671966885605 0.017953178122004362 -0.0068398744273347268 -0.034921854339299424 -0.035017151200699655 -0.035036302705404136
leaf_weight=27.936545193195343 5.4382442431524378 32.13844520971179 226.02162732928991 10.224481940269468 799.21776876598597 52.005101200193167 97.1744877807796 29.177049070596695 0.93119273241609235 1.2933052629232404 1.4694547662511466 3.1368315424770108 121.90720409527421 66.104759357403964
leaf_count=263 95 412 1664 32 7051 175 654 194 33 8 24 47 1600 2597
internal_value=0.0109246 0.0180458 0.0132344 0.00841632 0.0199511 0.020764 0.0223323 0.00866612 -0.0343702 -0.0190896 -0.026025 -0.0350226 -0.0350148 -0.0350373
internal_weight=1474.18 1273.9 361.357 236.246 912.538 851.223 125.111 61.3155 200.281 8.201 6.9077 192.08 125.044 67.036
internal_count=14849 10445 2613 1696 7832 7226 917 606 4404 127 119 4277 1647 2630
is_linear=0
shrinkage=0.03


Tree=28
num_leaves=15
num_cat=0
split_feature=11 4 8 8 6 0 4 11 11 8 11 0 0 8
split_gain=502.578 13.3081 27.5317 18.4811 11.5609 11.2019 19.9821 14.2459 2.39203 8.71215 0.040335 0.0921229 0.0399639 5.62534e-05
threshold=61.550841171419542 23.500000000000004 0.00073105832010245391 0.00066554524747873751 0.75325000000000009 0.5753776269917833 2.5000000000000004 -3507.2774860558047 100.65547940928991 0.0010140735604050302 123.04608730895696 0.5648055514149618 0.53260295029627691 0.00052979230856220092
decision_type=2 2 2 2 2 2 2 2 2 2 2 2 2 2
left_child=1 5 3 -3 -4 6 -1 -7 9 12 11 -10 -2 -12
right_child=8 2 4 -5 -6 7 -8 -9 10 -11 13 -13 -14 -15
leaf_value=0.019922923458604001 -0.029959979794525197 0.010250234122036326 0.0071542574880630039 -0.016177325979569269 0.036975234948240086 0.034278517763076853 0.0096835338655646627 0.019722474171638298 -0.023771481898479312 0.047648537106745111 -0.03481688098292389 -0.035278986209375009 -0.036524944551260638 -0.034857694685198261
leaf_weight=546.26964453421533 1.0568495178595174 61.262026824057102 17.715271573513746 38.961224101483822 34.458229348063469 80.317634765058756 250.04003613069654 245.40427047014236 0.97312586661428158 1.4811106566339729 38.257359922863543 1.7557475380599497 3.9673127382993698 147.86137105198577
leaf_count=7165 34 274 75 201 117 261 1406 947 34 12 706 20 55 3542
internal_value=0.0106268 0.0174951 0.00917672 -2.3331e-05 0.0268497 0.0186249 0.0167078 0.0233118 -0.0341801 -0.0162939 -0.0347962 -0.0311754 -0.035144 -0.0348493
internal_weight=1469.78 1274.43 152.397 100.223 52.1735 1122.03 796.31 325.722 195.353 6.50527 188.848 2.72887 5.02416 186.119
internal_count=14849 10446 667 475 192 9779 8571 1208 4403 101 4302 54 89 4248
is_linear=0
shrinkage=0.03


Tree=29
num_leaves=14
num_cat=0
split_feature=12 4 8 8 1 9 6 8 11 8 12 0 8
split_gain=478.769 12.5184 25.8861 17.4109 14.1185 12.9668 10.8729 10.5473 2.32381 8.3417 0.0758072 0.0421589 5.21622e-05
threshold=67.430183907025651 23.500000000000004 0.00073105832010245391 0.00066554524747873751 0.53775140148291267 1.0000000180025095e-35 0.75325000000000009 0.0005502638307819022 100.65547940928991 0.0010140735604050302 117.59047140480256 0.53260295029627691 0.00052979230856220092
decision_type=2 2 2 2 2 2 2 2 2 2 2 2 2
left_child=1 4 3 -3 5 -1 -4 -6 9 11 -10 -2 -12
right_child=8 2 6 -5 7 -7 -8 -9 10 -11 12 -13 -14
leaf_value=0.0027824176910536003 -0.029606787166078709 0.0099308159256002396 0.0069363534750635589 -0.015735826975230655 0.0140776517621521 0.017452237957314976 0.035849745262417382 0.029846870172474834 -0.027912567594829383 0.045936524422846473 -0.034652210139501642 -0.036404631609093602 -0.034691954473290841
leaf_weight=57.818381594493985 1.0376647869124997 61.334376960992813 17.723510656505823 38.854363217949867 52.725903885439038 873.35865015443414 34.473536781966686 138.31049742363393 1.5002635996788729 1.4900776278227565 37.363672433886677 3.9339708983898163 145.27578576887026
leaf_count=526 34 274 75 201 231 8496 117 525 25 12 708 56 3569
internal_value=0.0103384 0.0169699 0.00890174 -2.30079e-05 0.0180655 0.0165414 0.0260322 0.0254946 -0.0340081 -0.016325 -0.0346287 -0.0349858 -0.0346838
internal_weight=1465.2 1274.6 152.386 100.189 1122.21 931.177 52.197 191.036 190.601 6.46171 184.14 4.97164 182.639
internal_count=14849 10445 667 475 9778 9022 192 756 4404 102 4302 90 4277
is_linear=0
shrinkage=0.03


Tree=30
num_leaves=12
num_cat=0
split_feature=12 4 6 5 1 2 4 5 12 1 8
split_gain=457.372 11.1543 21.5171 15.8639 12.7951 9.37571 8.55413 0.488716 0.00780102 0.00295878 4.59858e-05
threshold=102.36856297918101 23.500000000000004 0.99037500000000012 18.146963183313403 0.53222818798736971 1.1712992655287591 2.5000000000000004 43.913314444437269 117.59047140480256 0.52481266266828708 0.00052276807281526354
decision_type=2 2 2 2 2 2 2 2 2 2 2
left_child=1 4 3 -3 6 -6 -1 8 9 -2 -10
right_child=7 2 -4 -5 5 -7 -8 -9 10 -11 -12
leaf_value=0.018224128206146443 -0.03749125557830927 0.0081965958518023657 0.046012061388273497 -0.033255704385696874 0.002999350071658699 0.025017518329098792 0.011928256755808978 -0.021811711667812386 -0.034490479334957955 -0.035317227975407969 -0.034529868131094786
leaf_weight=546.72773889452219 1.018772924318909 125.14600640162826 12.89936715364456 8.9000264853239042 18.70274979993701 250.91936153545976 301.2422085609287 2.7549063144251695 32.846380446106195 1.2605032408609984 142.00200541736558
leaf_count=7040 20 552 39 51 101 1109 1435 36 655 20 3592
internal_value=0.0104088 0.0167759 0.00900553 0.00544436 0.0177976 0.0234902 0.0159875 -0.0343502 -0.0345452 -0.036289 -0.0345225
internal_weight=1444.42 1264.54 146.945 134.046 1117.59 269.622 847.97 179.883 177.128 2.27928 174.848
internal_count=14650 10327 642 603 9685 1210 8475 4323 4287 40 4247
is_linear=0
shrinkage=0.03


Tree=31
num_leaves=13
num_cat=0
split_feature=12 9 8 8 0 8 4 2 5 12 4 8
split_gain=435.788 11.0269 14.6996 17.8089 13.3037 8.80644 7.83896 5.74204 0.496763 0.00710013 0.00261844 4.14486e-05
threshold=102.36856297918101 0.36520357615530374 0.00082948692467125845 0.00082233438929509614 0.63280501793329746 0.00084815362117468551 23.500000000000004 3.443016107547078 43.913314444437269 117.59047140480256 6.5000000000000009 0.00052276807281526354
decision_type=2 2 2 2 2 2 2 2 2 2 2 2
left_child=1 2 3 -1 6 -4 -3 -6 9 10 -2 -11
right_child=8 4 5 -5 7 -7 -8 -9 -10 11 -12 -13
leaf_value=0.011506478988796375 -0.037159210185785357 0.018490664981442358 0.03894597738616664 -0.024565392450939173 0.040881241151998489 0.018354650197342615 0.0056685745498449751 0.019294243480913759 -0.02146142025942193 -0.034338245625537646 -0.035098029927029234 -0.034376123261696097
leaf_weight=412.27000364102423 1.0543070910498493 621.06988359242678 23.020481932908297 12.697457591071723 33.20127572119236 99.433209566399455 46.097521007061005 16.651834066957235 2.7164622088894239 32.014801101293415 1.1705389171838758 138.41221079183742
leaf_count=2982 25 5671 178 167 92 975 188 74 36 655 15 3592
internal_value=0.0101273 0.0162739 0.0130676 0.0104287 0.0187218 0.0222257 0.0176047 0.0336708 -0.0341907 -0.034391 -0.0360748 -0.034369
internal_weight=1439.81 1264.44 547.421 424.967 717.021 122.454 667.167 49.8531 175.368 172.652 2.22485 170.427
internal_count=14650 10327 4302 3149 6025 1153 5859 166 4323 4287 40 4247
is_linear=0
shrinkage=0.03


Tree=32
num_leaves=15
num_cat=1
split_feature=11 6 8 2 7 12 11 8 2 11 2 2 12 5
split_gain=416.746 8.11747 7.20332 6.81176 8.20137 7.04526 6.15397 8.0724 6.02613 4.96492 0.988145 0.557758 0.000918601 6.23322e-05
threshold=40.333869414599384 0.71912500000000013 0.00043898012744196215 1.2355085306671707 0 -5582.6528143723071 100.65547940928991 0.00088662399253536001 1.9663088166282521 -3554.2821078153197 1.3895370721022677 1.6532647180848221 117.59047140480256 43.913314444437269
decision_type=2 2 2 2 1 2 2 2 2 2 2 2 2 2
left_child=1 2 8 4 -3 -5 7 11 -1 -4 -9 -2 -8 -14
right_child=6 3 9 5 -6 -7 12 10 -10 -11 -12 -13 13 -15
leaf_value=0.0098827585783240867 -0.036953194226240764 0.0018568250239291116 0.01865723098636941 0.03392295775995903 0.021609983153232305 0.019992240691594068 -0.035086903323659283 0.008172689375554482 -0.013189854219309677 0.013580686541431252 0.038905591183508857 -0.018399137656345353 -0.034221402303508952 -0.034378158378015569
leaf_weight=36.266502885147929 4.2731508621945959 38.078766645863652 245.82286916673183 37.420772507786751 37.592959666624665 257.5375280957669 1.1165267899632443 1.7697146050632002 14.168034886941312 588.42358698509634 2.0121362525969744 2.2135234335437417 166.09270986123011 2.3148183496668926
leaf_count=196 67 260 2442 259 284 1962 21 20 107 4689 20 41 4247 35
internal_value=0.00985421 0.0159724 0.014411 0.0196996 0.01167 0.0217596 -0.0328632 -0.0103118 0.00340122 0.0150766 0.0245242 -0.0306218 -0.0342292 -0.0342236
internal_weight=1435.1 1255.31 884.681 370.63 75.6717 294.958 179.793 10.2685 50.4345 834.246 3.78185 6.48667 169.524 168.408
internal_count=14650 10199 7434 2765 544 2221 4451 148 303 7131 40 108 4303 4282
cat_boundaries=0 1
cat_threshold=2
is_linear=0
shrinkage=0.03


Tree=33
num_leaves=13
num_cat=0
split_feature=12 9 1 1 4 12 12 4 5 12 1 4
split_gain=396.088 10.5469 11.5798 14.6469 7.79078 18.2985 8.12 2.30015 0.503531 0.00657046 0.00266168 2.4237e-05
threshold=102.36856297918101 0.36520357615530374 0.59287083118294692 0.5593455672597476 23.500000000000004 1.0000000180025095e-35 36.45106661606119 49.500000000000007 43.913314444437269 117.59047140480256 0.52481266266828708 1.5000000000000002
decision_type=2 2 2 2 2 2 2 2 2 2 2 2
left_child=1 2 3 -1 6 -6 -3 -4 9 10 -2 -11
right_child=8 4 7 -5 5 -7 -8 -9 -10 11 -12 -13
leaf_value=0.01290786289462203 -0.036934973133408752 0.018929338167423156 0.026979805631008665 -0.0064104818488298536 0.016913075829975439 -0.023374069499235272 -0.01557851310017209 0.053546618845122448 -0.020846320307763129 -0.03409508428577504 -0.034800200149452273 -0.034070800354013671
leaf_weight=497.52572939451784 0.95386707223951761 656.48022914677858 5.3550265096127969 38.021559700369835 40.132610041648149 13.580198325216768 6.1950077079236499 6.4850052818655968 2.6206368906423441 57.219532963354141 1.1708871647715566 104.6259245807305
leaf_count=4066 20 5728 20 191 151 66 80 25 36 2652 20 1595
internal_value=0.0095887 0.0153204 0.0121851 0.0115363 0.0177161 0.00672729 0.0186067 0.0415309 -0.0338926 -0.0341011 -0.0357586 -0.0340794
internal_weight=1430.37 1263.78 547.387 535.547 716.388 53.7128 662.675 11.84 166.591 163.97 2.12475 161.845
internal_count=14650 10327 4302 4257 6025 217 5808 45 4323 4287 40 4247
is_linear=0
shrinkage=0.03


Tree=34
num_leaves=14
num_cat=0
split_feature=11 6 0 0 5 11 8 0 6 0 2 12 5
split_gain=378.514 7.72562 12.3599 9.17179 7.88631 6.12033 7.72699 4.90382 4.56964 1.13262 0.555584 0.000740447 9.75558e-05
threshold=40.333869414599384 0.71912500000000013 0.60287550018741143 0.70088853639630477 1.8717434146806109 100.65547940928991 0.00088662399253536001 0.65952519185373115 0.78362500000000013 0.57269865401801445 1.6532647180848221 117.59047140480256 43.913314444437269
decision_type=2 2 2 2 2 2 2 2 2 2 2 2 2
left_child=1 3 4 7 -3 6 10 -1 -4 -8 -2 -7 -13
right_child=5 2 8 -5 -6 11 9 -9 -10 -11 -12 12 -14
leaf_value=0.013396059496467178 -0.036663933437312675 -0.043369437977942807 0.012850518713814764 -0.044229753323400095 0.016454507328497996 -0.034740569540688403 0.0079483513965578154 0.031425480104047873 0.033600565119406976 0.040710938744697889 -0.017953452770521326 -0.033942706707964676 -0.034142940021528997
leaf_weight=868.03549565933645 4.1472111204639059 1.9964240975677956 11.459148485213516 2.4685175716876975 299.34921081736684 1.0611702641472209 1.9506723005324604 13.793031364679335 57.387239657342434 1.8506110981106756 2.1786401392892003 157.68508696835488 2.2207349045202127
leaf_count=7376 67 15 48 14 2512 21 31 44 190 9 41 4247 35
internal_value=0.00933079 0.0150397 0.0186783 0.0135164 0.0160582 -0.0325275 -0.0099063 0.0136781 0.0301468 0.0238984 -0.03022 -0.0339507 -0.0339455
internal_weight=1425.58 1254.49 370.192 884.297 301.346 171.094 10.1271 881.829 68.8464 3.80128 6.32585 160.967 159.906
internal_count=14650 10199 2765 7434 2527 4451 148 7420 238 40 108 4303 4282
is_linear=0
shrinkage=0.03


Tree=35
num_leaves=15
num_cat=0
split_feature=11 11 9 8 8 0 0 11 8 0 1 1 12 8
split_gain=368.075 10.4231 14.789 23.0269 10.0083 8.26718 8.0946 6.03942 7.53696 4.99356 4.53821 1.58645 0.10792 4.49665e-05
threshold=25.525086630451142 -4365.1424815312894 1.0000000180025095e-35 0.00082948692467125845 0.00043898012744196215 0.5753776269917833 0.6355971013087427 100.65547940928991 0.00086085742686962247 0.55721358759259987 0.52442392940394533 0.50740513150730127 117.59047140480256 0.0019420055263483576
decision_type=2 2 2 2 2 2 2 2 2 2 2 2 2 2
left_child=1 4 3 -3 9 -6 -4 8 11 -1 -10 -2 -9 -14
right_child=7 2 6 -5 5 -7 -8 12 10 -11 -12 -13 13 -15
leaf_value=-0.014881020018322384 -0.00062251436612355087 -0.0067119667179711372 0.013667906709036991 0.03330516965832158 0.01809430535969813 0.030007379660272324 0.025689459468057993 -0.024549629782161353 -0.0094980283781962056 0.015174824623430836 0.047756049863774637 -0.034060664173070333 -0.033812968047790395 -0.03397623353924685
leaf_weight=10.53050002269447 1.5055692456662644 66.260532887652516 834.76577808242291 16.082689095288515 191.84079158771783 72.141644347459078 53.649819351732731 1.1397695699706663 2.7905343901365987 9.4302307218313199 2.2511354740709066 8.4105765437707287 154.67272208165377 1.5332992747426022
leaf_count=99 15 469 7063 128 2083 233 187 25 36 39 16 128 4255 36
internal_value=0.0090992 0.0147454 0.0132666 0.00110389 0.0198012 0.0213499 0.0143939 -0.0320157 -0.0137992 -0.000681462 0.0160663 -0.0289837 -0.0337475 -0.0338146
internal_weight=1427.01 1254.7 970.759 82.3432 283.943 263.982 888.416 172.304 14.9578 19.9607 5.04167 9.91615 157.346 156.206
internal_count=14812 10301 7847 597 2454 2316 7250 4511 195 138 52 143 4316 4291
is_linear=0
shrinkage=0.03


Tree=36
num_leaves=15
num_cat=0
split_feature=11 11 8 1 4 8 0 11 8 1 0 1 12 8
split_gain=350.957 9.85713 9.51501 8.52767 7.93911 23.766 8.79888 6.05591 7.20022 4.24574 4.07308 1.54614 0.109845 4.06233e-05
threshold=25.525086630451142 -4365.1424815312894 0.00039638405605884122 0.5298254750820971 23.500000000000004 0.00073105832010245391 0.64052898208915821 100.65547940928991 0.00086085742686962247 0.52442392940394533 0.55721358759259987 0.50740513150730127 117.59047140480256 0.0019420055263483576
decision_type=2 2 2 2 2 2 2 2 2 2 2 2 2 2
left_child=1 2 10 -4 6 -6 -3 8 11 -10 -1 -2 -9 -14
right_child=7 4 3 -5 5 -7 -8 12 9 -11 -12 -13 13 -15
leaf_value=-0.025979066405000268 -0.0006040199317303396 0.01323236751569294 0.016612068408072059 0.027884265390133441 -0.0035928917558202054 0.02411030327213852 0.027557660790130806 -0.02425521915762378 -0.0092367749416269237 0.046100302937983319 0.0099449545663930633 -0.033665563659852793 -0.033686197523423431 -0.033843419953465098
leaf_weight=5.5687252022325975 1.5051273554563511 805.15302337985486 181.64567988272756 90.494927005842328 82.192600034177303 42.168985486030579 40.531523048877716 1.1193072097375978 2.7834866680204859 2.2618555463850498 5.7979150712490082 8.2563454033806902 150.6577839772217 1.49373448640108
leaf_count=55 15 7168 1964 410 388 154 137 25 36 16 25 128 4255 36
internal_value=0.00885829 0.0143164 0.0192372 0.0203604 0.0128782 0.00580081 0.0139189 -0.0318489 -0.0135277 0.0155712 -0.00765488 -0.0285678 -0.0336189 -0.0336877
internal_weight=1421.63 1253.55 283.507 272.141 970.046 124.362 845.685 168.078 14.8068 5.04534 11.3666 9.76147 153.271 152.152
internal_count=14812 10301 2454 2374 7847 542 7305 4511 195 52 80 143 4316 4291
is_linear=0
shrinkage=0.03


Tree=37
num_leaves=14
num_cat=0
split_feature=1 8 4 8 8 1 4 0 1 4 5 0 9
split_gain=8.35791 15.0219 9.48641 19.2143 21.273 12.4602 11.6035 9.66147 3.84417 3.66737 2.5548 1.66608 0.640595
threshold=0.59287083118294692 0.00052501876145819688 23.500000000000004 0.00073105832010245391 0.00066371278400831921 0.5479886111438228 22.500000000000004 0.64052898208915821 0.54926730977124205 31.500000000000004 2.7244528548728173 0.60287550018741143 0.46900738667320602
decision_type=2 2 2 2 2 2 2 2 2 2 2 2 2
left_child=2 10 6 4 -4 -5 7 -1 -8 12 -2 -11 -3
right_child=1 9 3 5 -6 -7 8 -9 -10 11 -12 -13 -14
leaf_value=0.0082789144145378087 -0.040699224943097391 0.050169414705998533 0.0041916550159665214 0.041004624392731261 -0.024594776696409096 0.0072439378879974679 0.046314448094161673 0.022585790595785523 0.017269533157755392 0.03576358674670839 0.00039537830053787128 0.012465079829235183 0.037482443648752126
leaf_weight=1174.4033608776517 2.9018313437700298 6.748260688036682 61.752235423773527 13.364638511091469 36.916812814772129 37.295141093432903 9.6143003627657908 44.075464230030775 7.1519171595573416 4.341739669442175 2.5650576911866665 7.5939223319292068 7.6337513625621796
leaf_count=13582 23 18 366 49 222 191 31 181 32 23 17 50 27
internal_value=0.00862328 0.0238334 0.00827411 0.00113213 -0.00657873 0.0161504 0.0091375 0.00879643 0.0339248 0.0332333 -0.0214177 0.0209402 0.0434354
internal_weight=1416.36 31.7846 1384.57 149.329 98.669 50.6598 1235.25 1218.48 16.7662 26.3177 5.46689 11.9357 14.382
internal_count=14812 158 14654 828 588 240 13826 13763 63 118 40 73 45
is_linear=0
shrinkage=0.03


Tree=38
num_leaves=14
num_cat=0
split_feature=12 12 9 8 8 1 0 12 1 0 0 5 8
split_gain=333.38 9.21224 13.5915 21.3492 9.02347 7.54538 7.54378 5.38113 6.68522 4.49029 1.64285 9.24687e-05 3.10142e-05
threshold=36.45106661606119 -4361.2061670217563 1.0000000180025095e-35 0.00082948692467125845 0.00043898012744196215 0.5298254750820971 0.6355971013087427 117.59047140480256 0.57952437345892849 0.55721358759259987 0.56170691106533366 43.913314444437269 0.00052276807281526354
decision_type=2 2 2 2 2 2 2 2 2 2 2 2 2
left_child=1 4 3 -3 9 -6 -4 8 10 -1 -2 12 -9
right_child=7 2 6 -5 5 -7 -8 11 -10 -11 -12 -13 -14
leaf_value=-0.014507864756109949 -0.011024199434581045 -0.0069376881979896611 0.012619006768672099 0.031654288073084506 0.016270572144190622 0.027059789455729337 0.024233881518026763 -0.033564008632844373 0.048464635939062944 0.013997697205875232 -0.0321986478120731 -0.033806231102410121 -0.033599073102037073
leaf_weight=10.533134501427414 6.9611511575058085 66.272399408742785 834.85951946675777 16.019719867035747 174.43704629782587 87.649620452895761 53.555624924600124 28.040219261310995 1.3742528408765782 9.4224783778190595 6.2663303390145302 1.8428363855928171 119.25314484816045
leaf_count=99 141 469 7078 128 1913 400 188 662 5 39 61 33 3596
internal_value=0.00836377 0.0136255 0.0122388 0.000574971 0.0183981 0.0198788 0.0133192 -0.0318933 -0.0145124 -0.00104834 -0.0210553 -0.033595 -0.0335924
internal_weight=1416.49 1252.75 970.707 82.2921 282.042 262.087 888.415 163.738 14.6017 19.9556 13.2275 149.136 147.293
internal_count=14812 10314 7863 597 2451 2313 7266 4498 207 138 202 4291 4258
is_linear=0
shrinkage=0.03


Tree=39
num_leaves=15
num_cat=1
split_feature=11 11 8 1 1 8 7 11 8 1 0 1 12 8
split_gain=318.39 8.80797 8.63628 7.63427 7.40056 11.7432 7.11672 5.98535 6.72999 3.78452 3.63631 1.51111 0.111565 4.53418e-05
threshold=25.525086630451142 -4365.1424815312894 0.00039638405605884122 0.5298254750820971 0.59287083118294692 0.00052979230856220092 0 100.65547940928991 0.00086085742686962247 0.52442392940394533 0.55721358759259987 0.50740513150730127 117.59047140480256 0.0019420055263483576
decision_type=2 2 2 2 2 2 1 2 2 2 2 2 2 2
left_child=1 2 10 -4 6 -6 -3 8 11 -10 -1 -2 -9 -14
right_child=7 4 3 -5 5 -7 -8 12 9 -11 -12 -13 13 -15
leaf_value=-0.02502638608224006 -0.00038199647081602322 0.01429004239366112 0.015448941733567414 0.026149329697570226 -0.010614223993867871 0.04015291379818714 0.0090673702860161708 -0.023845815580879018 -0.0087313617124656316 0.043536650059514716 0.0089330436475424588 -0.033204623792306598 -0.033474600318493079 -0.033644197222278238
leaf_weight=5.5657560396939498 1.4972944073379029 437.04626910481602 181.14505837112665 89.734866051003337 5.3099564909935024 18.00787739828229 507.49221541453153 1.090748740825801 2.7683636136353007 2.2683106120675802 5.7898831814527512 8.0462954416871053 143.80137677537277 1.4328852696344245
leaf_count=55 15 3579 1964 410 27 59 4182 25 36 16 25 128 4255 36
internal_value=0.00814325 0.013256 0.0179192 0.0189937 0.0118961 0.0285922 0.0114839 -0.031578 -0.0132483 0.014808 -0.00771154 -0.0280551 -0.0334045 -0.0334763
internal_weight=1411 1250.09 282.236 270.88 967.856 23.3178 944.538 160.905 14.5803 5.03667 11.3556 9.54359 146.325 145.234
internal_count=14812 10301 2454 2374 7847 86 7761 4511 195 52 80 143 4316 4291
cat_boundaries=0 1
cat_threshold=1
is_linear=0
shrinkage=0.03


Tree=40
num_leaves=12
num_cat=2
split_feature=12 4 1 4 5 7 7 12 8 5 8
split_gain=298.963 12.2138 15.1762 13.6041 12.0932 23.1587 7.49561 0.778949 1.1412 6.85108e-05 2.85678e-05
threshold=102.36856297918101 26.500000000000004 0.5303134258390888 2.5000000000000004 31.023825348872155 0 1 117.59047140480256 0.00073976402727792521 43.913314444437269 0.00052979230856220092
decision_type=2 2 2 2 2 1 1 2 2 2 2
left_child=1 2 3 -1 5 -3 -4 8 -2 10 -9
right_child=7 4 6 -5 -6 -7 -8 9 -10 -11 -12
leaf_value=0.014322285416489559 -0.034054352580458545 -0.054658282133511295 -0.02106750773763124 0.0062869501120502019 0.034257127431189777 0.0043217762445871017 0.019726134026607375 -0.033332624909284007 0.0087830998288586093 -0.033548388992392132 -0.033365927353729584
leaf_weight=545.90258954744786 1.3067514589056366 6.3287869617342949 4.106349740177393 290.55930260568857 10.856745116412638 112.47224874794483 316.89998152665794 29.42367376293987 0.97903991118073452 1.7381028393283475 109.30154407164082
leaf_count=7079 28 42 32 1386 37 498 1512 731 15 31 3498
internal_value=0.00811271 0.012681 0.0136591 0.0115311 0.00394948 0.00117978 0.0192043 -0.0330785 -0.0157064 -0.0333612 -0.0333589
internal_weight=1429.88 1287.13 1157.47 836.462 129.658 118.801 321.006 142.749 2.28579 140.463 138.725
internal_count=14889 10586 10009 8465 577 540 1544 4303 43 4260 4229
cat_boundaries=0 1 2
cat_threshold=4 4
is_linear=0
shrinkage=0.03


Tree=41
num_leaves=13
num_cat=0
split_feature=11 9 8 6 11 4 8 4 11 9 5 8
split_gain=286.422 19.0826 14.3284 17.2229 9.49305 7.61505 5.82736 0.385699 0.0538328 0.132703 6.23013e-05 2.52188e-05
threshold=100.65547940928991 1.0000000180025095e-35 0.00043898012744196215 0.14312500000000003 11.384386227948797 23.500000000000004 0.00091622808619043147 8.5000000000000018 123.04608730895696 0.24912780720088049 43.913314444437269 0.00052979230856220092
decision_type=2 2 2 2 2 2 2 2 2 2 2 2
left_child=1 2 7 -4 5 -3 -6 -1 9 -2 11 -10
right_child=8 4 3 -5 6 -7 -8 -9 10 -11 -12 -13
leaf_value=-0.036279745497212343 -0.017860924293812936 0.014617829322635256 0.040208025901778043 -0.00073400581228540965 -0.013445221618011333 0.0062881607262736299 0.023109027153313564 -0.051510113251369116 -0.033223119479241649 -0.033781163045522616 -0.033431327726098109 -0.03325492268606195
leaf_weight=2.791438788175582 0.7103630132041866 1039.8978941487148 10.20652339607477 98.385024670511484 18.190995840355757 109.14546064287424 5.0048656035214654 3.2258374020457268 28.486846753861755 1.399753381963819 1.6925509953871358 105.71763755520806
leaf_count=23 19 9117 65 689 204 435 47 21 728 37 31 3473
internal_value=0.00789594 0.0123007 0.000617169 0.00311414 0.013443 0.0138266 -0.00555808 -0.0444447 -0.0331766 -0.0284217 -0.0332505 -0.0332482
internal_weight=1424.86 1286.85 114.609 108.592 1172.24 1149.04 23.1959 6.01728 138.007 2.11012 135.897 134.204
internal_count=14889 10601 798 754 9803 9552 251 44 4288 56 4232 4201
is_linear=0
shrinkage=0.03


Tree=42
num_leaves=10
num_cat=0
split_feature=11 8 11 1 8 11 12 5 8
split_gain=273.88 8.59796 7.65679 7.1467 5.70062 3.63697 0.0951959 5.60219e-05 2.35539e-05
threshold=100.65547940928991 0.00024923275579438682 11.384386227948797 0.57952437345892849 0.00082948692467125845 -537.72057441249717 117.59047140480256 43.913314444437269 0.00052979230856220092
decision_type=2 2 2 2 2 2 2 2 2
left_child=1 5 4 -4 -3 -1 -2 8 -8
right_child=6 2 3 -5 -6 -7 7 -9 -10
leaf_value=0.015493423159416002 -0.024739982229755601 0.01090765678131103 -0.011004360191858379 0.044281625660718797 0.015731074329506094 0.047966947808147295 -0.033118037944369259 -0.033318516386438679 -0.033149098765471931
leaf_weight=4.9311076439917079 1.2240240415558208 962.78305268473923 20.787563339341435 2.3413702473044387 286.04052007384598 8.3773547112941724 27.886929097119719 1.648005831055342 103.60231264540926
leaf_count=24 28 7502 244 7 2790 34 731 31 3498
internal_value=0.00768621 0.0119467 0.0116957 -0.00540769 0.0120125 0.0359347 -0.0330681 -0.0331447 -0.0331425
internal_weight=1419.62 1285.26 1271.95 23.1289 1248.82 13.3085 134.361 133.137 131.489
internal_count=14889 10601 10543 251 10292 58 4288 4260 4229
is_linear=0
shrinkage=0.03


Tree=43
num_leaves=13
num_cat=0
split_feature=11 4 1 4 8 8 4 11 12 8 1 4
split_gain=261.935 10.5881 14.4924 12.6373 9.88366 25.1468 11.5563 6.51138 0.0973423 3.06182e-05 4.45867e-05 3.08593e-05
threshold=100.65547940928991 26.500000000000004 0.5303134258390888 2.5000000000000004 0.0007131052767385223 0.00066554524747873751 35.500000000000007 -5595.2754487778539 117.59047140480256 0.00072857956766976116 0.59287083118294692 23.500000000000004
decision_type=2 2 2 2 2 2 2 2 2 2 2 2
left_child=1 2 3 -1 5 -3 -6 -4 -2 11 -11 -10
right_child=8 4 7 -5 6 -7 -8 -9 9 10 -12 -13
leaf_value=0.013127644414845962 -0.024462303486828072 0.0076134113129781907 0.028892588282907972 0.0053737361999705215 -0.0045695427225094648 -0.030117374995278022 0.024357522255190847 0.016271683360527284 -0.03303782772756661 -0.033055413757678731 -0.033227320454352206 -0.032983014664253532
leaf_weight=544.5524074928835 1.2011287370696653 54.570618100464344 42.421563744544983 289.86945204995573 19.941508077085018 22.432917363941669 32.99543260037899 277.15465536899865 67.095748307649046 50.384918926283717 1.3954923003911961 10.721102051436899
leaf_count=7088 28 240 194 1387 85 131 122 1354 2055 1982 24 199
internal_value=0.00748031 0.0116004 0.0125146 0.010434 0.00348168 -0.00337844 0.0134606 0.017947 -0.0329634 -0.0330422 -0.03306 -0.0330303
internal_weight=1414.74 1283.94 1154 834.422 129.94 77.0035 52.9369 319.576 130.798 129.597 51.7804 77.8169
internal_count=14889 10601 10023 8475 578 371 207 1548 4288 4260 2006 2254
is_linear=0
shrinkage=0.03


Tree=44
num_leaves=12
num_cat=1
split_feature=11 4 6 7 11 4 8 8 12 5 8
split_gain=250.6 9.97122 18.3197 17.9869 9.85433 7.66393 6.75294 0.634728 0.0995239 4.60597e-05 1.93587e-05
threshold=100.65547940928991 26.500000000000004 0.98812500000000003 0 25.525086630451142 13.500000000000002 0.00091622808619043147 0.00097887849718528651 117.59047140480256 43.913314444437269 0.00052979230856220092
decision_type=2 2 2 1 2 2 2 2 2 2 2
left_child=1 4 3 -3 5 -1 -6 -4 -2 10 -10
right_child=8 2 7 -5 6 -7 -8 -9 9 -11 -12
leaf_value=0.011321459045727985 -0.024185574807009492 -0.048433135181168416 0.030021198114893122 0.002448010575543664 -0.025250737731269766 0.017779420770849253 0.022781194545456403 0.043050346134195255 -0.032918470132299794 -0.03310519085165297 -0.03294740057431577
leaf_weight=937.94776084460318 1.178765752352773 6.6310815252363682 6.7515538558363897 109.65336487069726 10.321031580213456 200.79337408393621 3.5372033342719069 6.708979994058609 26.419441121630371 1.562002328224479 98.157411691267043
leaf_count=9089 28 43 24 490 153 745 36 21 731 31 3498
internal_value=0.00728099 0.0112666 0.00338188 -0.00045347 0.0121542 0.0124602 -0.012991 0.0365152 -0.0328622 -0.0329433 -0.0329413
internal_weight=1409.66 1282.34 129.745 116.284 1152.6 1138.74 13.8582 13.4605 127.318 126.139 124.577
internal_count=14889 10601 578 533 10023 9834 189 45 4288 4260 4229
cat_boundaries=0 1
cat_threshold=4
is_linear=0
shrinkage=0.03


Tree=45
num_leaves=14
num_cat=0
split_feature=12 4 0 1 12 1 4 6 0 1 8 5 8
split_gain=244.344 9.12315 14.6971 22.6329 9.09752 9.08154 14.5702 7.92781 6.74109 5.17643 1.79979 4.80652e-05 1.75936e-05
threshold=23.089231503082019 24.500000000000004 0.57136284617345667 0.53160041774842615 117.59047140480256 0.53188686893643855 2.5000000000000004 0.6462500000000001 0.5648055514149618 0.57952437345892849 0.00045981808802636161 43.913314444437269 0.00052979230856220092
decision_type=2 2 2 2 2 2 2 2 2 2 2 2 2
left_child=1 5 7 -4 9 6 -1 -3 -7 10 -2 12 -6
right_child=4 2 3 -5 11 8 -8 -9 -10 -11 -12 -13 -14
leaf_value=0.01361822335488908 0.0086108777686185502 0.041407900506683706 -0.039920926698220387 0.0043201268858432049 -0.032823745386014493 0.0070685540165381401 0.0053267695143692159 0.0030518222516763447 0.019320765183125803 0.034231587249877175 -0.019875525759087468 -0.032997545054595484 -0.032851648613612061
leaf_weight=536.39652339369059 2.2985181082040134 13.241624616086485 11.501276969909666 109.39763379842043 25.677215504460037 49.685583841055632 295.99990196153522 7.6527002751827231 216.60715859010816 2.0528483390808097 15.172873025760053 1.9088311232626427 97.787708469666541
leaf_count=6877 21 47 55 491 726 438 1413 36 791 9 224 39 3535
internal_value=0.00698223 0.0112882 0.00412666 0.000111416 -0.0298817 0.0122125 0.0106698 0.0273597 0.0170347 -0.0108329 -0.0161279 -0.0328482 -0.0328458
internal_weight=1385.38 1240.48 141.793 120.899 144.898 1098.69 832.396 20.8943 266.293 19.5242 17.4714 125.374 123.465
internal_count=14702 10148 629 546 4554 9519 8290 83 1229 254 245 4300 4261
is_linear=0
shrinkage=0.03


Tree=46
num_leaves=15
num_cat=0
split_feature=11 9 8 8 8 11 9 11 8 3 3 11 0 5
split_gain=233.937 11.3722 16.4695 18.9945 14.244 6.90237 6.09426 4.5352 5.60504 2.29024 0.400248 0.0636011 0.142744 4.38122e-05
threshold=40.333869414599384 0.39131204987083651 0.00082948692467125845 0.00082233438929509614 0.00084815362117468551 1.0000000180025095e-35 0.79586872152108989 100.65547940928991 0.00088983642093550615 0.96717500000000001 0.95697500000000002 123.04608730895696 0.53768224962121569 43.913314444437269
decision_type=2 2 2 2 2 2 2 2 2 2 2 2 2 2
left_child=1 2 3 -1 -4 6 -3 8 10 -7 -2 12 -9 -13
right_child=7 5 4 -5 -6 9 -8 11 -10 -11 -12 13 -14 -15
leaf_value=0.0059999690953373135 -0.035865268534433087 0.015242033164193008 0.036782421947867579 -0.031357836863592135 0.01214486516523673 -0.024479334566819028 0.0079482219206832936 -0.015866167780573009 0.019680473139665096 0.0096389413434984483 -0.020031160176621703 -0.03275343591546797 -0.033141749193084158 -0.032900252626735557
leaf_weight=430.91760851908475 3.2078698584809882 531.56635257788002 26.096656980924308 12.607593944296239 110.72858703602105 5.6601542662829143 127.90703548491001 0.65354444785043497 3.4095023553818464 2.5768568366765976 2.6022858312353492 119.22575966781005 1.2610782589763401 1.8578118123114098
leaf_count=3132 66 4583 197 176 1084 52 991 32 33 18 45 4229 25 39
internal_value=0.0067968 0.0108167 0.00774502 0.00493804 0.016844 0.0134865 0.0138274 -0.0311487 -0.0108548 -0.0138058 -0.0287734 -0.0326699 -0.0272448 -0.0327557
internal_weight=1380.28 1248.06 580.35 443.525 136.825 667.71 659.473 132.218 9.21966 8.23701 5.81016 122.998 1.91462 121.084
internal_count=14702 10233 4589 3308 1281 5644 5574 4469 144 70 111 4325 57 4268
is_linear=0
shrinkage=0.03


Tree=47
num_leaves=11
num_cat=0
split_feature=11 12 4 0 1 1 0 12 5 4
split_gain=223.783 8.38634 8.53008 13.7981 8.67553 5.05301 1.49062 0.128119 3.9387e-05 1.32165e-05
threshold=100.65547940928991 23.089231503082019 24.500000000000004 0.57136284617345667 0.5313232539956404 0.57952437345892849 0.57136284617345667 117.59047140480256 43.913314444437269 23.500000000000004
decision_type=2 2 2 2 2 2 2 2 2 2
left_child=1 2 4 -4 -1 6 -3 -2 9 -9
right_child=7 5 3 -5 -6 -7 -8 8 -10 -11
leaf_value=0.0099939360816610739 -0.021729301850354953 -0.0091858179937233577 0.026259355424198081 -0.0001641449364894787 0.016136286449096569 0.035534567028583458 -0.028756993965351762 -0.032668911348574983 -0.032806390643769362 -0.032637202993392782
leaf_weight=818.52626123744994 0.97165152383968134 11.261903673410421 20.855618685483932 120.84679186344147 276.98291265405715 1.974577136337756 5.0834218859672538 103.55616292683408 1.8079854985699046 13.356640053912995
leaf_count=8215 25 172 83 546 1304 8 49 3994 39 267
internal_value=0.00661616 0.0103527 0.010651 0.00372484 0.0115469 -0.00979634 -0.0152725 -0.0325786 -0.0326674 -0.0326653
internal_weight=1375.22 1255.53 1237.21 141.702 1095.51 18.3199 16.3453 119.692 118.721 116.913
internal_count=14702 10377 10148 629 9519 229 221 4325 4300 4261
is_linear=0
shrinkage=0.03


Tree=48
num_leaves=12
num_cat=0
split_feature=11 12 4 0 1 1 2 12 6 1 4
split_gain=214.341 7.90179 8.05631 13.0025 8.23012 4.76558 1.67026 0.130428 1.65238e-05 1.34196e-05 1.24572e-05
threshold=100.65547940928991 23.089231503082019 24.500000000000004 0.57136284617345667 0.5313232539956404 0.57952437345892849 1.6532647180848221 117.59047140480256 0.99037500000000012 0.59287083118294692 23.500000000000004
decision_type=2 2 2 2 2 2 2 2 2 2 2
left_child=1 2 4 -4 -1 6 -3 -2 10 -10 -9
right_child=7 5 3 -5 -6 -7 -8 8 9 -11 -12
leaf_value=0.009704434225584516 -0.021449494262980061 -0.021749572680217936 0.025505600454790934 -0.00015922179350940166 0.015693647632642627 0.034429282585349559 -0.0013929219883863238 -0.032583144930434835 -0.0326160073822018 -0.032759853139388298 -0.032551251537037036
leaf_weight=817.66926697641611 0.95504963677376409 10.784665665589278 20.828202001750469 120.8460092432797 276.26238173618913 1.976791314780711 5.466142749413847 99.268109344877303 3.1260790470987554 0.71770617365837086 12.398729825392364
leaf_count=8215 25 143 83 546 1304 8 78 3920 112 14 254
internal_value=0.00643979 0.0100559 0.0103452 0.00361389 0.011217 -0.00955234 -0.0149024 -0.0324904 -0.0325817 -0.0326429 -0.0325796
internal_weight=1370.3 1253.83 1235.61 141.674 1093.93 18.2276 16.2508 116.466 115.511 3.84379 111.667
internal_count=14702 10377 10148 629 9519 229 221 4325 4300 126 4174
is_linear=0
shrinkage=0.03


Tree=49
num_leaves=12
num_cat=1
split_feature=11 1 8 1 7 11 6 11 0 5 8
split_gain=205.35 7.57627 13.5107 9.96062 12.5324 8.89776 2.65847 0.0682721 0.158352 3.26988e-05 1.17405e-05
threshold=100.65547940928991 0.59039668167445225 0.00052501876145819688 0.5593455672597476 0 25.525086630451142 0.43037500000000006 123.04608730895696 0.53727763023117125 43.913314444437269 0.00052979230856220092
decision_type=2 2 2 2 1 2 2 2 2 2 2
left_child=1 3 -3 5 -5 -1 -4 8 -2 10 -9
right_child=7 2 6 4 -6 -7 -8 9 -10 -11 -12
leaf_value=0.010426325228832207 -0.013949719494509136 -0.016502685185759709 0.048666046451001629 -0.043126144821631317 0.0026839307155281408 -0.01573086466711808 0.027488128305872654 -0.032477284785715599 -0.032884445702086894 -0.032628537432495504 -0.03250143839124095
leaf_weight=1120.099378619343 0.59517021104693313 5.9172329902648952 7.6127746105194118 5.7464457936584949 83.083264641463757 11.82777778431773 17.826874729245901 22.878430423792452 1.1969440849497912 1.7119152527302492 86.934314379934222
leaf_count=9673 31 27 22 36 362 180 77 722 26 39 3507
internal_value=0.00626795 0.00976787 0.0243283 0.00939387 -0.00027955 0.010153 0.0338256 -0.0324051 -0.0265961 -0.0324984 -0.0324964
internal_weight=1365.43 1252.11 31.3569 1220.76 88.8297 1131.93 25.4396 113.317 1.79211 111.525 109.813
internal_count=14702 10377 126 10251 398 9853 99 4325 57 4268 4229
cat_boundaries=0 1
cat_threshold=4
is_linear=0
shrinkage=0.03


Tree=50
num_leaves=15
num_cat=0
split_feature=11 8 9 4 4 9 4 11 8 8 3 11 9 8
split_gain=186.073 10.7605 10.4057 12.6431 10.9644 8.7454 7.61784 5.64322 5.92908 5.50378 1.20382 0.0731738 0.151901 1.44274e-05
threshold=25.525086630451142 0.00059096802024766269 0.54865296547716946 48.500000000000007 22.500000000000004 0.98190647733894998 29.500000000000004 100.65547940928991 0.00091622808619043147 0.00064358218943231604 0.96416639563606432 123.04608730895696 0.2850389452953529 0.00072857956766976116
decision_type=2 2 2 2 2 2 2 2 2 2 2 2 2 2
left_child=1 2 3 -1 -4 6 -3 8 10 -7 -2 12 -9 -13
right_child=7 5 4 -5 -6 9 -8 11 -10 -11 -12 13 -14 -15
leaf_value=-0.00013518898428815424 -0.017085751711702284 0.012217383625845209 0.013556813540608307 0.033203076533524362 -0.011006254327105456 -0.054702874501633005 0.0016763586212542409 -0.013886688422653641 0.019224278896700309 -0.0042386106436866485 -0.039283005294733782 -0.032409917557983774 -0.03296578723137622 -0.032432567276490548
leaf_weight=247.92705448158085 6.7938926825299841 722.24530295748264 148.47174426820129 10.678837977349756 18.380140408873558 2.3679598961025468 67.467274732887745 0.59184766001999278 3.9221146292984477 10.891415311023591 3.2511558765545487 64.688598189502954 1.0277264881879089 41.579817531630397
leaf_count=1809 103 6705 1131 49 83 36 305 16 37 84 50 2242 31 1978
internal_value=0.00535985 0.00886734 0.00501004 0.00124148 0.010851 0.0109112 0.0113168 -0.0299994 -0.0120564 -0.0132509 -0.0242701 -0.0323223 -0.0259936 -0.0324188
internal_weight=1350.28 1228.43 425.458 258.606 166.852 802.972 789.713 121.855 13.9672 13.2594 10.045 107.888 1.61957 106.268
internal_count=14659 10202 3072 1858 1214 7130 7010 4457 190 120 153 4267 47 4220
is_linear=0
shrinkage=0.03


Tree=51
num_leaves=10
num_cat=0
split_feature=8 8 0 9 3 9 6 4 0
split_gain=9.39845 11.8567 7.77613 8.21043 7.75987 12.3114 10.8098 5.73014 4.34055
threshold=0.00024923275579438682 0.00059096802024766269 0.64052898208915821 0.98190647733894998 0.96147500000000019 1.0000000180025095e-35 0.072625000000000009 27.500000000000004 0.55721358759259987
decision_type=2 2 2 2 2 2 2 2 2
left_child=8 4 3 -3 5 -2 -6 -4 -1
right_child=1 2 7 -5 6 -7 -8 -9 -10
leaf_value=0.0068043550608600277 -0.021170754580308034 0.0068331846195879373 0.02743834146373934 -0.01632327637647054 0.02133698814063939 0.0059987540970825792 -0.0057188088176241374 -0.010869153385647499 0.041318029943858588
leaf_weight=5.0345271509140721 15.988647175487129 838.23570878617465 25.370951298624281 14.010801297146825 14.389762402512131 245.29141424456611 173.96501572150737 4.0793728195130816 9.407501205801962
leaf_count=37 125 10027 110 190 87 2215 1809 29 30
internal_value=0.00521557 0.00495446 0.00697622 0.0064525 0.000989943 0.00433616 -0.00365182 0.0221321 0.0292865
internal_weight=1345.77 1331.33 881.697 852.247 449.635 261.28 188.355 29.4503 14.442
internal_count=14659 14592 10356 10217 4236 2340 1896 139 67
is_linear=0
shrinkage=0.03


Tree=52
num_leaves=15
num_cat=0
split_feature=11 8 8 6 0 6 11 8 0 1 6 11 1 5
split_gain=177.681 9.65042 9.44531 8.44474 8.21154 6.16053 5.61891 5.61182 4.09074 2.06887 2.053 0.0747668 0.128757 2.40275e-05
threshold=25.525086630451142 0.00059096802024766269 0.00024923275579438682 0.072625000000000009 0.64052898208915821 0.71912500000000013 100.65547940928991 0.00091622808619043147 0.57136284617345667 0.50521723301754984 0.18162500000000001 123.04608730895696 0.52333816267193056 43.913314444437269
decision_type=2 2 2 2 2 2 2 2 2 2 2 2 2 2
left_child=1 2 8 -4 5 -3 7 9 -1 -2 -6 12 -8 -13
right_child=6 4 3 -5 10 -7 11 -9 -10 -11 -12 13 -14 -15
leaf_value=0.010628538147715631 0.0041213090425197812 0.0081106993757809991 0.02215740518606122 0.0029558792602331543 0.040007714686119376 0.013985738842699274 -0.015678587273049261 0.018397657353975999 0.042957903083153857 -0.030621402400629796 0.021535670183746258 -0.032352044299466136 -0.032998248499260557 -0.032483053304016872
leaf_weight=6.2765177935361853 1.9095168858766545 546.71874360926449 21.767543846741319 388.90514782443643 7.5439063012599972 227.46859703026712 0.66107167722657212 3.9314830787479869 8.0278940647840482 8.0276246583089215 19.188805475831032 102.54172462178394 0.92944810492917895 1.275611950084566
leaf_count=40 19 5280 110 2897 20 1762 24 37 25 134 68 4189 23 31
internal_value=0.00506148 0.00846244 0.00480835 0.00397365 0.0104013 0.00983688 -0.0298929 -0.0119419 0.0287724 -0.0239453 0.0267484 -0.0322548 -0.0257996 -0.0323537
internal_weight=1345.17 1225.9 424.977 410.673 800.92 774.187 119.276 13.8686 14.3044 9.93714 26.7327 105.408 1.59052 103.817
internal_count=14659 10202 3072 3007 7130 7042 4457 190 65 153 88 4267 47 4220
is_linear=0
shrinkage=0.03


Tree=53
num_leaves=15
num_cat=0
split_feature=12 8 9 5 0 9 2 12 8 6 0 8 5 9
split_gain=170.165 9.18435 9.70621 8.18748 7.98605 8.41075 5.77558 2.267 4.04168 1.99001 1.14475 2.25259e-05 1.62232e-05 1.41873e-05
threshold=67.430183907025651 0.00059096802024766269 0.54865296547716946 6.9847624377367774 0.64052898208915821 0.98190647733894998 2.147263823062866 117.59047140480256 0.00099453838633684825 0.18162500000000001 0.53236585732213138 0.00072857956766976116 43.913314444437269 1.0000000180025095e-35
decision_type=2 2 2 2 2 2 2 2 2 2 2 2 2 2
left_child=1 2 6 -4 5 -3 -1 8 10 -6 -2 13 -13 -9
right_child=7 4 3 -5 9 -7 -8 11 -10 -11 -12 12 -14 -15
leaf_value=0.0033179677507051246 -4.8222706275994517e-05 0.0098295666988651668 0.0083242192596704786 0.033826052890094306 0.039320877142019227 -0.014651702558972945 -0.007400033353859521 -0.032183461277580899 0.028914420004889727 0.021032396331515248 -0.034712473436223704 -0.032293494053320375 -0.032403695163774296 -0.032270438149017908
leaf_weight=203.00374031625688 1.1007475992664684 765.50760404486209 154.33043647091836 12.228288678452371 7.4468796998262432 12.842057373374699 58.228077272884548 1.7367831142619241 1.5147184226661918 19.060489416122437 3.8786034286022186 38.635893852915615 1.2408978245221067 59.9080760339275
leaf_count=1338 37 6987 1153 65 20 119 546 64 14 68 70 1960 31 2187
internal_value=0.00492532 0.00808921 0.00453723 0.0101965 0.00997712 0.00942565 0.000928946 -0.0311801 -0.0139961 0.0261703 -0.0270495 -0.0322794 -0.0322969 -0.032268
internal_weight=1340.66 1232.65 427.791 166.559 804.857 778.35 261.232 108.016 6.49407 26.5074 4.97935 101.522 39.8768 61.6449
internal_count=14659 10296 3102 1218 7194 7106 1884 4363 121 88 107 4242 1991 2251
is_linear=0
shrinkage=0.03


Tree=54
num_leaves=15
num_cat=1
split_feature=11 4 6 7 4 4 11 12 2 5 6 2 5 4
split_gain=163.301 8.05476 16.1391 17.6375 12.3948 9.99073 9.04705 5.56754 1.48065 2.35423 1.79399 0.745814 1.95856e-05 1.14682e-05
threshold=25.525086630451142 23.500000000000004 0.98812500000000003 0 12.500000000000002 2.5000000000000004 -3749.8851064099231 117.59047140480256 1.1639290861119262 1.8041473772418024 0.40737500000000004 1.5635135564635385 43.913314444437269 23.500000000000004
decision_type=2 2 2 1 2 2 2 2 2 2 2 2 2 2
left_child=1 4 3 -3 5 -1 -6 8 10 -10 -2 -4 13 -9
right_child=7 2 11 -5 6 -7 -8 12 9 -11 -12 -13 -14 -15
leaf_value=0.0099107056744117978 0.031490498386309781 -0.043961429763673926 0.026017433813991533 0.0010704214139440657 0.025756796590130585 0.0033464715725770541 0.011605555987221555 -0.032209223128052952 -0.034460937429920575 -0.0067047406696769682 -0.015119102492602744 0.040287839007348052 -0.03232705812466178 -0.032177290196732676
leaf_weight=534.07549747172743 1.3826250582933419 8.3518201895058155 6.7002246826887113 124.76044285297394 56.773280493915081 342.49728631787002 143.25292797386646 86.06135456264019 4.428423888050018 7.257403033785522 1.6070692688226698 6.487612321972847 1.2070354730822135 11.470968229696153
leaf_count=7053 13 53 24 555 208 1732 556 3941 76 95 31 21 31 270
internal_value=0.0047923 0.00798605 0.00138129 -0.001755 0.00888358 0.00734591 0.0156221 -0.0296444 -0.0124033 -0.0172231 0.00643615 0.0330376 -0.032207 -0.0322055
internal_weight=1336.31 1222.9 146.3 133.112 1076.6 876.573 200.026 113.415 14.6755 11.6858 2.98969 13.1878 98.7394 97.5323
internal_count=14659 10202 653 608 9549 8785 764 4457 215 171 44 45 4242 4211
cat_boundaries=0 1
cat_threshold=4
is_linear=0
shrinkage=0.03


Tree=55
num_leaves=15
num_cat=0
split_feature=11 3 3 11 0 3 0 0 11 3 0 1 0 12
split_gain=162.15 9.39563 8.4922 9.7752 7.69785 7.55457 7.29644 6.69659 3.55902 1.96539 2.48454 0.284475 0.660289 0.0278111
threshold=25.525086630451142 0.92637500000000006 0.94162500000000005 -5376.7853670787972 0.57183691343615151 0.93907500000000022 0.5753776269917833 0.56963892993065957 61.550841171419542 0.97062500000000018 0.53805280844641279 0.59287083118294692 0.59134163859646838 83.056669220684455
decision_type=2 2 2 2 2 2 2 2 2 2 2 2 2 2
left_child=1 4 5 -4 7 -3 -6 -1 9 10 -2 13 -13 -10
right_child=8 2 3 -5 6 -7 -8 -9 11 -11 -12 12 -14 -15
leaf_value=0.003803592688878323 -0.0023293225315879221 0.0120306170040477 0.016209130209331273 0.0062950190710625627 -0.020786118512333664 0.027412259739915134 0.0033381917118102005 0.022846722477624912 -0.028073529983054003 0.010459810177440958 -0.040272864694392035 -0.0002947912511548405 -0.032155074056258275 -0.032135488302150648
leaf_weight=235.14984437916428 3.1690253112465125 169.37762336339802 104.47939300909638 624.62595766875893 21.787413388490677 34.609321882948279 23.404451102018356 17.883500039577484 1.5410536257550109 2.5253710988909006 3.0460056290030479 0.84904185496270601 1.8855833448469637 97.244969583116472
leaf_count=2406 50 1746 710 4897 99 260 89 54 37 21 26 15 47 4268
internal_value=0.00462697 0.00774799 0.00922952 0.00771569 0.00311257 0.0146403 -0.00829236 0.00514949 -0.0302264 -0.0118574 -0.0209256 -0.0318079 -0.0222631 -0.0320721
internal_weight=1341.58 1231.32 933.092 729.105 298.225 203.987 45.1919 253.033 110.261 8.7404 6.21503 101.521 2.73463 98.786
internal_count=14725 10261 7613 5607 2648 2006 188 2460 4464 97 76 4367 62 4305
is_linear=0
shrinkage=0.03


Tree=56
num_leaves=12
num_cat=1
split_feature=9 3 9 1 4 3 2 0 3 1 7
split_gain=10.6322 7.70821 10.3113 7.18177 6.95885 7.72451 13.0786 6.18407 5.54553 5.90684 5.64927
threshold=0.99999819802157197 0.92637500000000006 1.0000000180025095e-35 0.51317400423693804 34.500000000000007 0.92637500000000006 1.3628690478489831 0.53137941311414838 0.94162500000000005 0.59287083118294692 0
decision_type=2 2 2 2 2 2 2 2 2 2 1
left_child=1 2 7 -4 5 -2 -7 -1 10 -10 -3
right_child=4 8 3 -5 -6 6 -8 -9 9 -11 -12
leaf_value=0.0044314209595397169 -0.055860048267858821 0.034883762779180712 -0.0057651617675036114 0.0049186483769242421 -0.054957652950909347 0.040147660655333046 -0.013821872664711424 -0.032070173061047667 0.0045409226041870998 0.018899745061792747 0.0095172415974096366
leaf_weight=6.1327863051556077 2.7431786414235892 8.2158425403758883 75.698998204432428 224.75561548001133 3.1779710315167895 5.0762675949372378 19.818462662864476 13.100613523274658 745.37586454325356 26.708511509001255 206.56583527172916
leaf_count=95 36 70 626 2783 17 41 247 83 8033 151 2543
internal_value=0.00450146 0.00491226 0.000863701 0.00222688 -0.0129159 -0.00808173 -0.00281698 -0.0204312 0.00622376 0.00503763 0.0104876
internal_weight=1337.37 1306.55 319.688 300.455 30.8159 27.6379 24.8947 19.2334 986.866 772.084 214.782
internal_count=14725 14384 3587 3409 341 324 288 178 10797 8184 2613
cat_boundaries=0 1
cat_threshold=4
is_linear=0
shrinkage=0.03


Tree=57
num_leaves=13
num_cat=0
split_feature=11 9 11 5 9 0 0 3 5 9 12 12
split_gain=155.185 11.1836 10.6223 9.85256 8.90715 9.56298 4.90998 3.13515 0.443411 0.0559945 0.25485 0.0321118
threshold=61.550841171419542 0.99999819802157197 -327.05181458483281 3.0577337937876514 0.39131204987083651 0.63280501793329746 0.63832371636639185 0.92637500000000006 43.913314444437269 0.02552327225363879 220.13113586386126 83.056669220684455
decision_type=2 2 2 2 2 2 2 2 2 2 2 2
left_child=1 4 3 -3 5 -1 -6 -4 9 10 -2 -11
right_child=8 2 7 -5 6 -7 -8 -9 -10 11 -12 -13
leaf_value=0.0058571020220798166 -0.0072038800859759514 0.048807043190680001 -0.05492612048480542 -0.026171657605229087 0.0095134107498086318 -0.013057130111357299 0.020553791452642058 -0.017525935660828749 -0.016536275475823547 -0.027795578427431807 -0.032032397804618043 -0.03219327264778634
leaf_weight=560.34020751062781 0.45267524477094356 4.3343056794255999 2.2466159015893963 2.4796966277062893 584.66236596740782 25.137176401913166 38.650468848645687 19.755893042311072 1.6967610237188626 1.5186586901545513 2.0895599015057087 93.413600144907832
leaf_count=4555 19 23 23 31 5324 113 140 149 38 37 94 4179
internal_value=0.00436838 0.00726184 -0.0112086 0.0215214 0.00770216 0.00504503 0.010198 -0.0213448 -0.0317406 -0.0320053 -0.0276114 -0.0321229
internal_weight=1336.78 1237.61 28.8165 6.814 1208.79 585.477 623.313 22.0025 99.1713 97.4745 2.54224 94.9323
internal_count=14725 10358 226 54 10132 4668 5464 172 4367 4329 113 4216
is_linear=0
shrinkage=0.03


Tree=58
num_leaves=14
num_cat=0
split_feature=11 3 4 3 11 3 5 6 11 3 0 5 11
split_gain=149.058 8.42204 7.53869 7.53547 9.30309 7.06924 5.37664 4.79304 3.46357 1.85551 2.40186 0.452831 0.012255
threshold=25.525086630451142 0.92637500000000006 26.500000000000004 0.94162500000000005 -5376.7853670787972 0.93907500000000022 5.1918506846407793 0.22375000000000003 61.550841171419542 0.97062500000000018 0.53805280844641279 43.913314444437269 123.04608730895696
decision_type=2 2 2 2 2 2 2 2 2 2 2 2 2
left_child=1 2 7 5 -5 -3 -4 -1 9 10 -2 12 -10
right_child=8 3 6 4 -6 -7 -8 -9 11 -11 -12 -13 -14
leaf_value=0.010737323275694289 -0.0026029524913532926 0.01117485451221348 -0.030634419953162725 0.015475581749610714 0.0057793036167373473 0.026100175329899652 0.0017152510742169779 0.0017232097326608975 -0.030514900930907245 0.0096801630403720567 -0.040017250786039446 -0.016212251035210755 -0.032011598470598007
leaf_weight=71.319486327469349 3.1782574756070954 168.62761977221817 10.013243541121485 103.90959142707288 622.96250429470092 34.384336523711681 8.5912603437900525 207.69434079900384 5.2099415627308181 2.5387530401349068 3.0036370456218719 1.6790248211473215 89.605352148879319
leaf_count=635 50 1746 50 710 4897 260 38 1925 149 21 26 38 4180
internal_value=0.00424947 0.00718682 0.00279441 0.00859266 0.00716543 0.0137028 -0.0156959 0.00402733 -0.0300196 -0.0119136 -0.0207817 -0.0316559 -0.0319294
internal_weight=1332.72 1227.5 297.618 929.884 726.872 203.012 18.6045 279.014 105.215 8.72065 6.18189 96.4943 94.8153
internal_count=14725 10261 2648 7613 5607 2006 88 2560 4464 97 76 4367 4329
is_linear=0
shrinkage=0.03


Tree=59
num_leaves=13
num_cat=0
split_feature=11 9 11 6 9 3 6 1 5 9 12 12
split_gain=143.114 10.5701 9.91222 9.68647 8.47249 6.71332 5.03534 4.74862 0.462248 0.0583337 0.261937 0.0397158
threshold=61.550841171419542 0.99999819802157197 -327.05181458483281 0.58025000000000004 0.39131204987083651 0.92637500000000006 0.33212500000000006 0.51370181024901307 43.913314444437269 0.02552327225363879 220.13113586386126 83.056669220684455
decision_type=2 2 2 2 2 2 2 2 2 2 2 2
left_child=1 4 3 -3 5 -1 -4 -6 9 10 -2 -11
right_child=8 2 6 -5 7 -7 -8 -9 -10 11 -12 -13
leaf_value=-0.0011715504447756468 -0.0062627076972140497 0.049079269745634743 -0.055255759092086819 -0.024432337989693558 0.0048356148306565013 0.0064502695914084645 -0.014894881814554011 0.01112583288719864 -0.01589119676523093 -0.027076037331422619 -0.031906333996697366 -0.032060162012400063
leaf_weight=135.35001464374363 0.43797443993389551 4.1593381483107832 3.2665579784661558 2.6353840455412865 139.19134724140167 449.13816200941801 18.752347454428673 482.21911990363151 1.6618219651281823 1.4627128737047304 1.9754507881589232 88.347637684550136
leaf_count=1153 19 20 22 34 855 3515 150 4609 38 37 94 4179
internal_value=0.00413396 0.00684904 -0.011108 0.0205672 0.00727811 0.00468528 -0.0208825 0.00971687 -0.0315727 -0.0318553 -0.0272527 -0.031979
internal_weight=1328.6 1234.71 28.8136 6.79472 1205.9 584.488 22.0189 621.41 93.8856 92.2238 2.41343 89.8104
internal_count=14725 10358 226 54 10132 4668 172 5464 4367 4329 113 4216
is_linear=0
shrinkage=0.03


Tree=60
num_leaves=13
num_cat=1
split_feature=11 1 8 4 11 7 4 3 11 1 5 8
split_gain=133.475 12.1574 10.8962 8.1258 10.5384 8.97114 1.38394 0.334458 0.103531 0.191551 7.05044e-05 1.30722e-05
threshold=100.65547940928991 0.59039668167445225 0.00052979230856220092 2.5000000000000004 -3554.2821078153197 0 22.500000000000004 0.99482500000000018 123.04608730895696 0.52248940917122855 43.913314444437269 0.00055436751674527
decision_type=2 2 2 2 2 1 2 2 2 2 2 2
left_child=1 3 7 5 -5 -1 -4 -3 9 -2 11 -10
right_child=8 2 6 4 -6 -7 -8 -9 10 -11 -12 -13
leaf_value=0.031216565034251333 -0.0079977746340948955 0.00028720681673839829 0.043997606704630349 0.01034157070346307 0.001640764692792793 0.0081725267286912075 0.02919936738172707 -0.011938162484170192 -0.031865896472675126 -0.032416823698881235 -0.032110518688444598 -0.031893433110617583
leaf_weight=15.654524158686399 0.46718507702462264 4.1290640905499441 8.8391084820032138 168.63384383544326 487.36745594721287 528.94083173805848 15.953081347048281 3.9317772760987282 20.446516438852996 0.7585138687863946 1.2869681250303973 64.338187598390505
leaf_count=169 22 19 26 784 2300 7105 62 21 862 28 35 3354
internal_value=0.00408168 0.00661886 0.0246238 0.00612617 0.00387742 0.00883493 0.0344754 -0.00567587 -0.0317669 -0.0231093 -0.0318901 -0.0318868
internal_weight=1320.75 1233.45 32.853 1200.6 656.001 544.595 24.7922 8.06084 87.2974 1.2257 86.0717 84.7847
internal_count=14787 10486 128 10358 3084 7274 88 40 4301 50 4251 4216
cat_boundaries=0 1
cat_threshold=4
is_linear=0
shrinkage=0.03


Tree=61
num_leaves=15
num_cat=2
split_feature=12 1 8 4 12 7 9 4 7 1 8 9 12 3
split_gain=128.175 11.5818 10.3947 7.74434 10.0131 8.54999 1.56535 1.38545 3.25914e-05 1.49994e-05 1.20704e-05 5.96735e-06 5.7905e-06 5.74077e-06
threshold=117.59047140480256 0.59039668167445225 0.00052979230856220092 2.5000000000000004 -3548.0720215011474 0 0.52792406243893075 39.500000000000007 1 0.59287083118294692 0.00055436751674527 0.008362767442381432 137.73667498545561 0.93977500000000014
decision_type=2 2 2 2 2 1 2 2 1 2 2 2 2 2
left_child=1 3 6 5 -5 -1 -3 -4 9 13 11 -10 -12 -2
right_child=8 2 7 4 -6 -7 -8 -9 10 -11 12 -13 -14 -15
leaf_value=0.030521340247937498 -0.031954352180809359 -0.01734345374674361 0.028453614538996027 0.010052020210615409 0.0015650880228854471 0.0079388929823780343 0.0092533656688020115 0.043331155703027348 -0.031731947455526675 -0.032069534106534875 -0.03192318941645661 -0.03181142031855836 -0.031833749033279068 -0.031857494742606199
leaf_weight=15.5326290987432 0.93094908539205867 4.4739183709025365 15.818437289446594 168.2918930798769 487.6620034230873 528.54245690489188 3.5893881618976593 8.7492352649569494 0.88984629954211669 0.56654424220323552 0.65853316523134608 19.147247312124819 60.700288065243512 1.3484992976300416
leaf_count=169 34 26 55 784 2308 7119 14 33 36 14 34 832 3228 101
internal_value=0.00397015 0.0064169 0.0240516 0.00593738 0.0037425 0.00858359 -0.00550386 0.0337519 -0.0318316 -0.0319314 -0.0318281 -0.0318079 -0.0318347 -0.0318971
internal_weight=1316.9 1232.66 32.631 1200.03 655.954 544.075 8.06331 24.5677 84.2419 2.84599 81.3959 20.0371 61.3588 2.27945
internal_count=14787 10508 128 10380 3092 7288 40 88 4279 149 4130 868 3262 135
cat_boundaries=0 1 2
cat_threshold=4 4
is_linear=0
shrinkage=0.03


Tree=62
num_leaves=13
num_cat=1
split_feature=1 8 8 4 2 7 4 4 4 4 5 1
split_gain=9.04096 9.0969 8.73454 9.0206 7.80853 7.61972 4.2411 5.43544 2.40092 2.90862 2.14232 4.98235
threshold=0.59039668167445225 0.00052979230856220092 0.00024923275579438682 2.5000000000000004 1.2355085306671707 0 13.500000000000002 48.500000000000007 22.500000000000004 36.500000000000007 9.5172205073451472 0.53902829206585723
decision_type=2 2 2 2 2 1 2 2 2 2 2 2
left_child=2 6 10 5 -5 -4 -2 -8 -3 -10 11 -1
right_child=1 8 3 4 -6 -7 7 -9 9 -11 -12 -13
leaf_value=-0.0037616424296025514 0.026142354136271608 0.040239374987167682 0.026154980077809808 -0.0059173572981900385 0.0023893983982914385 0.0053999279029972201 -0.046891833579772987 0.0085390343479225701 0.0051611540997748969 0.030421326429961607 0.045976181906080639 0.043653832432534768
leaf_weight=4.0553825795650464 2.4275920987129194 8.9345215782523173 16.389829067979008 123.99485858529806 570.19415805675089 554.95089058671147 3.3370384629815817 3.0447907000780106 6.4791485518217096 11.184723498299718 4.225450087338686 3.9247975796461105
leaf_count=29 8 34 260 840 3597 9816 27 34 33 79 17 13
internal_value=0.00386143 0.0188149 0.00344705 0.00320346 0.00090566 0.00599532 -0.00760746 -0.0204456 0.0275661 0.0211558 0.0287038 0.0195581
internal_weight=1313.14 35.4078 1277.74 1265.53 694.189 571.341 8.80942 6.38183 26.5984 17.6639 12.2056 7.98018
internal_count=14787 215 14572 14513 4437 10076 69 61 146 112 59 42
cat_boundaries=0 1
cat_threshold=4
is_linear=0
shrinkage=0.03


Tree=63
num_leaves=13
num_cat=0
split_feature=11 1 8 8 12 11 9 4 12 8 1 8
split_gain=123.067 10.5522 9.46691 6.88888 7.72173 3.10458 1.4506 1.44327 0.198733 4.02757e-05 1.63725e-05 1.49419e-05
threshold=100.65547940928991 0.59039668167445225 0.00052979230856220092 0.00024923275579438682 -3612.0361060992491 -71.726331453571447 0.52792406243893075 22.500000000000004 117.59047140480256 0.0015217748797049615 0.5838410204962502 0.00055436751674527
decision_type=2 2 2 2 2 2 2 2 2 2 2 2
left_child=1 3 6 5 -5 -1 -3 -4 -2 11 -11 -10
right_child=8 2 7 4 -6 -7 -8 -9 9 10 -12 -13
leaf_value=0.01051297397764534 -0.015066718982236263 -0.016520098270710343 0.042436092951811534 0.0093816098335905446 0.0039564374582022662 0.041282019025397916 0.0091115237608399915 0.027072066413744073 -0.031755037158468787 -0.0318549540979155 -0.032040944192982083 -0.031785211848571422
leaf_weight=5.1294779572635889 0.64525066269561548 4.4643143787980062 8.4745178148150462 325.50370968598872 859.84589769085869 6.9503087885677797 3.5813445895910263 15.692231141030787 19.514416981022805 1.2746892767027009 0.63975790888071049 60.740160047542304
leaf_count=29 22 26 26 3195 7106 28 14 62 868 82 16 3313
internal_value=0.00374771 0.00613175 0.0230758 0.00567593 0.00544622 0.0282165 -0.00511076 0.0324597 -0.0316509 -0.0317811 -0.0319171 -0.0317779
internal_weight=1312.46 1229.64 32.2124 1197.43 1185.35 12.0798 8.04566 24.1667 82.8143 82.169 1.91445 80.2546
internal_count=14787 10486 128 10358 10301 57 40 88 4301 4279 98 4181
is_linear=0
shrinkage=0.03


Tree=64
num_leaves=13
num_cat=0
split_feature=12 6 5 2 6 4 4 12 8 2 5 8
split_gain=118.278 10.4025 17.6118 9.85939 9.04998 5.23362 1.4393 0.6799 0.840411 0.547975 6.93003e-05 1.31618e-05
threshold=102.36856297918101 0.99037500000000012 16.080849715791658 1.6821981952345852 0.77675000000000016 18.500000000000004 3.5000000000000004 117.59047140480256 0.00073222084616760778 1.7321655053611391 43.913314444437269 0.00055436751674527
decision_type=2 2 2 2 2 2 2 2 2 2 2 2
left_child=1 2 4 -4 -1 6 -3 8 -2 -7 11 -9
right_child=7 5 3 -5 -6 9 -8 10 -10 -11 -12 -13
leaf_value=0.0046287837544489062 -0.033114274327437097 0.017721048548522637 -0.042117096334985997 0.014899613208908381 0.011029961094999334 0.031590904760376029 -0.0075230334806688382 -0.031700183608463169 0.008196391364777577 0.043242254379371695 -0.031951538970231202 -0.03172886874357711
leaf_weight=937.37346126977354 0.90787544287741073 4.68196558393538 10.641265112906693 3.6712156012654296 252.27661830931902 8.5816588476300222 3.592343058437109 18.969953617546707 0.86595572298392653 6.2997503876686105 1.2013403112068761 59.707187799969688
leaf_count=8168 25 53 71 17 2083 30 21 868 18 22 35 3376
internal_value=0.0036449 0.00597129 0.00558823 -0.0274921 0.00598621 0.0258883 0.00676117 -0.0313175 -0.0129471 0.0365233 -0.0317254 -0.031722
internal_weight=1308.77 1227.12 1203.96 14.3125 1189.65 23.1557 8.27431 81.6523 1.77383 14.8814 79.8785 78.6771
internal_count=14787 10465 10339 88 10251 126 74 4322 43 52 4279 4244
is_linear=0
shrinkage=0.03


Tree=65
num_leaves=13
num_cat=0
split_feature=11 9 6 1 9 1 6 5 11 5 2 0
split_gain=114.045 17.864 16.5796 19.5772 7.1931 9.47032 6.74076 2.74136 0.000496243 7.14754e-05 5.34976e-05 7.12327e-06
threshold=100.65547940928991 1.0000000180025095e-35 0.14312500000000003 0.52903808827320764 0.95338778053839979 0.56458224180735128 0.99037500000000012 1.0455426096573006 123.04608730895696 43.913314444437269 1.515267348375738 0.64052898208915821
decision_type=2 2 2 2 2 2 2 2 2 2 2 2
left_child=1 2 7 -4 6 -6 -3 -1 10 11 -2 -10
right_child=8 4 3 -5 5 -7 -8 -9 9 -11 -12 -13
leaf_value=0.01635438961258075 -0.032515534427471265 0.0069401302312492343 -0.024747282721502471 0.0018780702503236803 -5.7788135431098563e-05 -0.04472425456610965 0.023307940509203477 0.047313690933020361 -0.031665146351321651 -0.031901655981018191 -0.032098111499591242 -0.031715538355009787
leaf_weight=5.7448711507022363 0.56263938732445129 1019.084568340797 43.488213205710053 58.00550752133131 49.262556036934257 4.6777883768081656 23.159495263360441 4.6638123765587807 73.82498440798372 1.1850441182032216 0.54301838367246091 2.6140302661806336
leaf_count=37 22 9071 417 306 396 27 127 37 4140 37 28 73
internal_value=0.00330548 0.00558541 -0.00583241 -0.00953041 0.00675098 -0.00393133 0.00730384 0.0302263 -0.0316794 -0.0316705 -0.0323105 -0.0316669
internal_weight=1286.82 1208.09 111.902 101.494 1096.18 53.9403 1042.24 10.4087 78.7297 77.6241 1.10566 76.439
internal_count=14718 10418 797 723 9621 423 9198 74 4300 4250 50 4213
is_linear=0
shrinkage=0.03


Tree=66
num_leaves=12
num_cat=0
split_feature=11 9 3 5 5 9 1 5 12 5 4
split_gain=109.772 16.8295 11.8675 11.7196 7.52753 6.77954 8.90685 6.02345 0.000621307 6.45692e-05 4.68236e-06
threshold=100.65547940928991 1.0000000180025095e-35 0.96382500000000004 4.6070927236028218 1.3633726005794491 0.95338778053839979 0.56458224180735128 23.672291397323836 117.59047140480256 43.913314444437269 1.5000000000000002
decision_type=2 2 2 2 2 2 2 2 2 2 2
left_child=1 2 4 -4 -1 7 -7 -3 -2 10 -10
right_child=8 5 3 -5 -6 6 -8 -9 9 -11 -12
leaf_value=0.0063580885008146992 -0.032540720090616253 0.0068136181327717715 -0.00028289807171308031 0.041936654148294603 -0.018511715382469745 -5.605395494116072e-05 -0.04336592098144483 0.025646894496901013 -0.031625849277746997 -0.031841957236495112 -0.031610118434460849
leaf_weight=13.718931635841725 0.66407217178493638 1025.3396951211616 36.636522743850946 7.0571966767311087 54.337264286354184 49.262901285663247 4.6795416027307501 15.515240773558615 26.258568456629291 1.1521443207748223 48.452698218170553
leaf_count=126 24 9132 260 40 371 396 27 66 2640 37 1599
internal_value=0.00321501 0.00542493 -0.00566496 0.0065362 -0.0134984 0.00655692 -0.00381321 0.00709435 -0.0316271 -0.0316191 -0.0316156
internal_weight=1283.07 1206.55 111.75 43.6937 68.0562 1094.8 53.9424 1040.85 76.5275 75.8634 74.7113
internal_count=14718 10418 797 300 497 9621 423 9198 4300 4276 4239
is_linear=0
shrinkage=0.03


Tree=67
num_leaves=13
num_cat=0
split_feature=11 9 6 6 0 3 3 5 11 5 3 0
split_gain=105.679 15.8548 15.4645 18.3304 6.6098 7.20932 5.88187 2.65239 0.000411013 5.90908e-05 4.38079e-05 5.91345e-06
threshold=100.65547940928991 1.0000000180025095e-35 0.14312500000000003 0.62975000000000014 0.64052898208915821 0.99722500000000014 0.9955250000000001 1.0455426096573006 123.04608730895696 43.913314444437269 0.95462500000000017 0.64052898208915821
decision_type=2 2 2 2 2 2 2 2 2 2 2 2
left_child=1 2 7 -4 5 -3 -6 -1 10 11 -2 -10
right_child=8 4 3 -5 6 -7 -8 -9 9 -11 -12 -13
leaf_value=0.015852828399369665 -0.032352098997418519 0.006195719141861432 -0.019948440140587595 0.0059121916811509263 0.02890060687292929 -0.012225840873723227 0.0082823909757597809 0.046455210131914206 -0.031563042228461152 -0.031784239478206834 -0.03196334691396082 -0.031610275779444391
leaf_weight=5.7243355065584165 0.54776245518587419 1022.7439205786213 58.650067558512092 42.57510781660676 21.37993860244751 19.484081695787609 29.821797676384449 4.595194049179554 69.74709447985515 1.1200930294580747 0.49813237320631742 2.4699962129816404
leaf_count=37 25 9110 479 244 70 321 120 37 4140 37 25 73
internal_value=0.00312697 0.00526921 -0.00550495 -0.00907151 0.00636832 0.00585133 0.0168918 0.0294798 -0.0315764 -0.031568 -0.0321669 -0.0315647
internal_weight=1279.36 1204.97 111.545 101.225 1093.43 1042.23 51.2017 10.3195 74.3831 73.3372 1.04589 72.2171
internal_count=14718 10418 797 723 9621 9431 190 74 4300 4250 50 4213
is_linear=0
shrinkage=0.03


Tree=68
num_leaves=13
num_cat=0
split_feature=12 6 5 8 1 8 2 1 5 12 1 8
split_gain=101.518 9.01282 17.8416 9.3166 7.81764 6.05524 3.41764 0.999968 0.456652 0.00753903 0.00239201 1.04037e-05
threshold=102.36856297918101 0.99037500000000012 14.580316114660906 0.00045571513663398617 0.52736695361355124 0.00074749920938862134 1.5676814653277582 0.55761286738671145 43.913314444437269 117.59047140480256 0.52370433315800968 0.0005502638307819022
decision_type=2 2 2 2 2 2 2 2 2 2 2 2
left_child=1 2 3 -1 6 -4 -3 -6 9 10 -2 -11
right_child=8 4 5 -5 7 -7 -8 -9 -10 11 -12 -13
leaf_value=-0.0025683817224221661 -0.035306180129182026 -0.021013394083864906 -0.047378476463090867 0.0061252652201663422 0.041590246704978247 -0.010610250992378669 0.018724543388871348 0.026980934026143103 -0.014322557151847767 -0.031496368642990949 -0.0327308507156426 -0.031523242946178746
leaf_weight=124.23298916779459 0.55012793373316415 4.0226274952292469 7.005655104294422 1036.9906242890283 8.741883512586357 9.4942691214382631 3.7765842201188207 8.1458130776882154 1.4104671655222762 17.1146927238442 0.79175927396863699 53.463066521566361
leaf_count=843 20 35 46 9312 37 58 35 32 38 857 23 3382
internal_value=0.00304116 0.00513107 0.00475503 0.00519518 0.0230707 -0.0262216 -0.00177124 0.0345434 -0.0312275 -0.0315591 -0.0337866 -0.0315167
internal_weight=1275.74 1202.41 1177.72 1161.22 24.6869 16.4999 7.79921 16.8877 73.3301 71.9196 1.34189 70.5778
internal_count=14718 10398 10259 10155 139 104 70 69 4320 4282 43 4239
is_linear=0
shrinkage=0.03


Tree=69
num_leaves=14
num_cat=1
split_feature=12 9 6 1 9 1 6 6 12 0 7 1 0
split_gain=97.7262 15.0651 14.6695 18.1576 6.33452 8.41118 5.55424 2.3779 0.316109 0.524137 3.85779e-05 1.69384e-05 4.71635e-06
threshold=102.36856297918101 1.0000000180025095e-35 0.14312500000000003 0.52903808827320764 0.95338778053839979 0.56458224180735128 0.99037500000000012 0.12262500000000001 117.59047140480256 0.58205738510261318 0 0.59287083118294692 0.64052898208915821
decision_type=2 2 2 2 2 2 2 2 2 2 1 2 2
left_child=1 2 7 -4 6 -6 -3 -1 9 -2 11 -10 -12
right_child=8 4 3 -5 5 -7 -8 -9 10 -11 12 -13 -14
leaf_value=0.016124439015199381 -0.034132280002237489 0.0062517545557196439 -0.023674040556927827 0.0020144319653832288 -0.00031831394514857103 -0.042411689220919979 0.021377996765808826 0.045346483781192153 -0.031550953493432364 -4.5180144042067368e-05 -0.031467544258897494 -0.031748605178763781 -0.031511518304528065
leaf_weight=5.8100713565945608 0.86357581987976917 1013.6471126112156 43.321084197610617 57.812145978212357 49.159718986600637 4.6790490448474875 22.328951301053166 4.4072998687624931 1.9537606223020705 0.76617548987269402 64.954531572526321 0.48761619627475727 2.2718828776851288
leaf_count=38 33 9053 417 306 395 27 126 36 140 11 4051 14 71
internal_value=0.00295691 0.00498244 -0.00552837 -0.00898939 0.00605637 -0.00397659 0.00657778 0.0287295 -0.0311678 -0.0181073 -0.0314733 -0.0315904 -0.031469
internal_weight=1272.46 1201.17 111.351 101.133 1089.81 53.8388 1035.98 10.2174 71.2975 1.62975 69.6678 2.44138 67.2264
internal_count=14718 10398 797 723 9601 422 9179 74 4320 44 4276 154 4122
cat_boundaries=0 1
cat_threshold=4
is_linear=0
shrinkage=0.03


Tree=70
num_leaves=11
num_cat=1
split_feature=12 5 5 7 5 8 8 12 5 8
split_gain=94.8917 7.13086 13.5102 9.90001 6.7504 1.98319 3.41574 0.0833598 5.94702e-05 8.41063e-06
threshold=102.36856297918101 23.672291397323836 18.146963183313403 0 4.5268679007967192 0.0015217748797049615 0.00085418555361828092 117.59047140480256 43.913314444437269 0.00055610450602164513
decision_type=2 2 2 1 2 2 2 2 2 2
left_child=1 2 4 -4 -1 6 -3 -2 9 -9
right_child=7 5 3 -5 -6 -7 -8 8 -10 -11
leaf_value=0.0038180915187478476 -0.023365859250204478 0.029811173532367626 -0.050128305992763723 0.012504091533197861 0.009680441930124838 0.03930635473422725 -0.0033719461347477028 -0.03140587748979734 -0.031642199923005605 -0.03143026338653275
leaf_weight=977.32487193448469 1.1743050566874433 7.3682862985879201 6.9331167787313461 3.3779727816581708 215.81473402678967 5.303315855562686 4.4950272962450981 17.121085104299709 1.1435128310695279 49.619544832734391
leaf_count=8634 38 29 47 18 1667 23 27 897 36 3328
internal_value=0.00292125 0.00485684 0.00458298 -0.0296096 0.00487847 0.0240556 0.017238 -0.0312906 -0.0314277 -0.031424
internal_weight=1289.68 1220.62 1203.45 10.3111 1193.14 17.1666 11.8633 69.0584 67.8841 66.7406
internal_count=14744 10445 10366 65 10301 79 56 4299 4261 4225
cat_boundaries=0 1
cat_threshold=4
is_linear=0
shrinkage=0.03


Tree=71
num_leaves=14
num_cat=1
split_feature=11 6 0 8 1 0 1 8 11 1 7 6 8
split_gain=90.4191 8.87324 12.7316 11.7748 8.8836 8.76913 7.86127 3.74756 0.154673 0.211854 3.42655e-05 1.47435e-05 6.82573e-06
threshold=100.65547940928991 0.78362500000000013 0.59559868500608337 0.00043898012744196215 0.49520205062523426 0.58740733368920062 0.51259524106998922 0.0010217028119421173 123.04608730895696 0.52248940917122855 0 0.99212500000000003 0.00055610450602164513
decision_type=2 2 2 2 2 2 2 2 2 2 1 2 2
left_child=1 3 5 6 -5 -3 -1 -4 9 -2 11 -10 -12
right_child=8 2 7 4 -6 -7 -8 -9 10 -11 12 -13 -14
leaf_value=0.0059614349387953416 -0.0016323187238432972 0.0080137925908915671 0.023876001811366343 -0.0098825685967898463 0.0048514650234084003 -0.011003112318360033 -0.016592131661382899 0.0044012956851135878 -0.031418080212409459 -0.0317727703390022 -0.031362275052133015 -0.031565823026343566 -0.031384673159606309
leaf_weight=20.682534907013178 0.37465273845009406 186.93374549038708 56.381064210087061 38.518229773268104 839.7021770584397 24.707715570926666 42.472838865593076 10.558406520634888 1.190384367015213 0.47723671421408653 16.605287061305717 1.242318640463054 46.636805345537141
leaf_count=105 20 1849 200 207 7625 119 305 52 95 22 893 52 3200
internal_value=0.00284005 0.00469731 0.00940054 0.00330549 0.00420524 0.0057937 -0.00920614 0.0208042 -0.0312183 -0.0185173 -0.031383 -0.0314935 -0.0313788
internal_weight=1286.48 1219.96 278.581 941.376 878.22 211.641 63.1554 66.9395 66.5267 0.851889 65.6748 2.4327 63.2421
internal_count=14744 10462 2220 8242 7832 1968 410 252 4282 42 4240 147 4093
cat_boundaries=0 1
cat_threshold=4
is_linear=0
shrinkage=0.03


Tree=72
num_leaves=12
num_cat=0
split_feature=12 6 4 5 1 0 0 8 12 5 8
split_gain=88.079 8.41235 10.4091 19.7442 10.7214 8.20118 6.46462 3.25715 0.0858391 4.92152e-05 7.03881e-06
threshold=102.36856297918101 0.8297500000000001 24.500000000000004 0.86127234772586192 0.5313232539956404 0.59559868500608337 0.58740733368920062 0.0010217028119421173 117.59047140480256 43.913314444437269 0.00055610450602164513
decision_type=2 2 2 2 2 2 2 2 2 2 2
left_child=1 2 4 -4 -1 6 -3 -7 -2 10 -10
right_child=8 5 3 -5 -6 7 -8 -9 9 -11 -12
leaf_value=0.0025258058193182277 -0.0230556862304197 0.0086004846834017382 0.036574119737938622 -0.0099271736960621568 0.01005889824387772 0.023303532306915335 -0.010686137995647247 0.0041021394339670943 -0.031320356125139837 -0.031541636764399278 -0.031343312989501174
leaf_weight=670.59908068645746 1.1455548820085812 146.83162360731512 9.0293978378176671 91.41728276014328 227.79885376710445 45.307006865739822 17.506176546216011 9.6431271992623788 16.167465565726161 1.0803340254351486 46.860853186110035
leaf_count=7065 38 1488 32 439 1130 162 82 47 897 36 3328
internal_value=0.00276099 0.00458001 0.00341188 -0.00574706 0.00443591 0.00990077 0.00654597 0.0199339 -0.0311954 -0.0313409 -0.0313374
internal_weight=1283.39 1218.13 998.845 100.447 898.398 219.288 164.338 54.9501 65.2542 64.1087 63.0283
internal_count=14744 10445 8666 471 8195 1779 1570 209 4299 4261 4225
is_linear=0
shrinkage=0.03


Tree=73
num_leaves=13
num_cat=0
split_feature=11 9 8 6 9 9 6 11 3 8 5 8
split_gain=83.9198 9.33455 16.312 14.3208 9.86388 7.32566 3.44375 0.16118 0.214646 0.00898126 4.5041e-05 6.07647e-06
threshold=100.65547940928991 1.0000000180025095e-35 0.0004478124998436868 0.14312500000000003 0.049088350266694003 0.80768179774596616 0.95325000000000004 123.04608730895696 0.9441750000000001 0.00042926019240889681 43.913314444437269 0.00055610450602164513
decision_type=2 2 2 2 2 2 2 2 2 2 2 2
left_child=1 2 9 -4 6 -6 -3 8 -2 -1 11 -9
right_child=7 4 3 -5 5 -7 -8 10 -10 -11 -12 -13
leaf_value=-0.049906162222081017 -0.00092429782271256813 0.013363755032642973 0.033730323620551485 -0.0046958489316591438 0.0055094195559518642 -0.0024772251721021342 0.030873634041055028 -0.031279507840578945 -0.031794325878824498 -0.052192043252737998 -0.031493776851263755 -0.031301177255351198
leaf_weight=3.5044985823333255 0.36856789281591673 36.793607642874122 9.6346718817949277 92.838538080453873 941.68430418055505 116.1059850519523 13.938580643385647 15.679023105651138 0.45049586053937674 2.7693830952048302 1.0499745095148671 45.28480995260179
leaf_count=23 16 277 66 670 8367 964 73 893 26 22 36 3311
internal_value=0.00268456 0.0044297 -0.00395791 -0.00108297 0.00525253 0.00463278 0.0181746 -0.0311243 -0.0179032 -0.0509152 -0.031299 -0.0312956
internal_weight=1280.1 1217.27 108.747 102.473 1108.52 1057.79 50.7322 62.8329 0.819064 6.27388 62.0138 60.9638
internal_count=14744 10462 781 736 9681 9331 350 4282 42 45 4240 4204
is_linear=0
shrinkage=0.03


Tree=74
num_leaves=13
num_cat=0
split_feature=12 9 8 6 9 9 2 12 11 6 8 8
split_gain=81.8164 8.83258 15.4945 13.6055 9.31913 6.91585 4.79752 0.0883887 0.00888435 2.22794e-05 1.02768e-05 5.85918e-06
threshold=102.36856297918101 1.0000000180025095e-35 0.0004478124998436868 0.14312500000000003 0.049088350266694003 0.80768179774596616 1.1887644466464982 117.59047140480256 -1.0000000180025095e-35 0.99212500000000003 0.0014056305465687112 0.00061175828027489672
decision_type=2 2 2 2 2 2 2 2 2 2 2 2
left_child=1 2 8 -4 6 -6 -3 -2 -1 11 -11 -9
right_child=7 4 3 -5 5 -7 -8 9 -10 10 -12 -13
leaf_value=-0.048787599189136978 -0.022747771343493494 0.035591707225608261 0.033085856646561586 -0.0045559061222211822 0.005372461157988298 -0.0023884601593896818 0.012929456449556389 -0.031244066665201648 -0.051066044875655428 -0.031285506792411918 -0.031426559967955042 -0.031263645152608495
leaf_weight=3.4155390672385693 1.1182766281999637 10.655288729816673 9.5292741470038873 92.819818509742618 940.12121908226982 116.10008670948446 39.848360367119312 22.030031667556614 2.8053155541419974 0.86326001863926549 1.0073197786696253 36.632543126586825
leaf_count=27 38 80 66 670 8351 963 270 1335 18 66 43 2817
internal_value=0.00260994 0.0043203 -0.00384532 -0.00105125 0.00512135 0.00451938 0.0177108 -0.0311052 -0.0498151 -0.0312595 -0.0313615 -0.0312563
internal_weight=1276.95 1215.29 108.57 102.349 1106.72 1056.22 50.5036 61.6514 6.22085 60.5332 1.87058 58.6626
internal_count=14744 10445 781 736 9664 9314 350 4299 45 4261 109 4152
is_linear=0
shrinkage=0.03


Tree=75
num_leaves=15
num_cat=0
split_feature=11 9 8 8 9 8 1 1 11 8 2 11 5 5
split_gain=80.7683 10.0556 13.3394 17.1333 9.60537 6.8279 6.36498 5.74644 1.99287 3.12657 0.402501 0.103464 0.364703 3.54275e-05
threshold=40.333869414599384 0.3308953150330266 0.0007131052767385223 0.00069905489594166185 0.79586872152108989 0.00036853058672458645 0.53100170693932591 0.55761286738671145 80.033795161984571 0.00091622808619043147 1.6532647180848221 123.04608730895696 2.0405192060058024 43.913314444437269
decision_type=2 2 2 2 2 2 2 2 2 2 2 2 2 2
left_child=1 2 3 -1 6 -6 -3 -4 9 10 -2 12 -10 -13
right_child=8 4 7 -5 5 -7 -8 -9 11 -11 -12 13 -14 -15
leaf_value=-0.00075557817003944934 -0.036095921850389803 0.0062556361359098122 0.0091711123813205658 -0.027370244110842698 0.02121560936060133 -0.0030392165499428855 0.012896426055397208 -0.007247874596011109 -0.013100577202968981 0.014776863956815441 -0.017560995852223631 -0.03121710337657136 -0.034857647598797031 -0.031406895780667222
leaf_weight=258.24058261141181 2.583623692393302 419.27106178365648 167.78084305301309 23.77317089214921 11.501962658017872 113.73352971114218 188.20721829589456 21.661213129758835 1.2333724021445953 2.285933980718255 1.7815668312832711 56.856493347790092 1.5838008178398011 0.89916661800816555
leaf_count=1838 46 4621 1657 176 55 965 900 97 42 23 33 4189 47 36
internal_value=0.00276786 0.00455443 0.00113678 -0.00299914 0.00675348 -0.000811588 0.00831307 0.00729373 -0.0292346 -0.0136466 -0.0285313 -0.0309462 -0.0253323 -0.0312201
internal_weight=1271.39 1204.17 471.456 282.014 732.714 125.235 607.478 189.442 67.224 6.65112 4.36519 60.5728 2.81717 57.7557
internal_count=14725 10309 3768 2014 6541 1020 5521 1754 4416 102 79 4314 89 4225
is_linear=0
shrinkage=0.03


end of trees

feature_importances:
volatility_24_feature=177
expected_cost_bps=124
spread_bps=121
alpha_prob=91
alpha_prob_smooth=85
alpha_signal_persistence=83
aggressor_ratio=76
turbulence_score=61
turbulence_percentile=54
alpha_prob_percentile=41
alpha_prob_zscore=27
hmm_state=19

parameters:
[boosting: gbdt]
[objective: binary]
[metric: auc]
[tree_learner: serial]
[device_type: cpu]
[data_sample_strategy: bagging]
[data: ]
[valid: ]
[num_iterations: 1000]
[learning_rate: 0.03]
[num_leaves: 15]
[num_threads: 0]
[seed: 0]
[deterministic: 0]
[force_col_wise: 0]
[force_row_wise: 0]
[histogram_pool_size: -1]
[max_depth: 4]
[min_data_in_leaf: 20]
[min_sum_hessian_in_leaf: 0.001]
[bagging_fraction: 0.7]
[pos_bagging_fraction: 1]
[neg_bagging_fraction: 1]
[bagging_freq: 5]
[bagging_seed: 3]
[bagging_by_query: 0]
[feature_fraction: 0.7]
[feature_fraction_bynode: 1]
[feature_fraction_seed: 2]
[extra_trees: 0]
[extra_seed: 6]
[early_stopping_round: 0]
[early_stopping_min_delta: 0]
[first_metric_only: 0]
[max_delta_step: 0]
[lambda_l1: 0]
[lambda_l2: 0]
[linear_lambda: 0]
[min_gain_to_split: 0]
[drop_rate: 0.1]
[max_drop: 50]
[skip_drop: 0.5]
[xgboost_dart_mode: 0]
[uniform_drop: 0]
[drop_seed: 4]
[top_rate: 0.2]
[other_rate: 0.1]
[min_data_per_group: 100]
[max_cat_threshold: 32]
[cat_l2: 10]
[cat_smooth: 10]
[max_cat_to_onehot: 4]
[top_k: 20]
[monotone_constraints: ]
[monotone_constraints_method: basic]
[monotone_penalty: 0]
[feature_contri: ]
[forcedsplits_filename: ]
[refit_decay_rate: 0.9]
[cegb_tradeoff: 1]
[cegb_penalty_split: 0]
[cegb_penalty_feature_lazy: ]
[cegb_penalty_feature_coupled: ]
[path_smooth: 0]
[interaction_constraints: ]
[verbosity: -1]
[saved_feature_importance_type: 0]
[use_quantized_grad: 0]
[num_grad_quant_bins: 4]
[quant_train_renew_leaf: 0]
[stochastic_rounding: 1]
[linear_tree: 0]
[max_bin: 255]
[max_bin_by_feature: ]
[min_data_in_bin: 3]
[bin_construct_sample_cnt: 200000]
[data_random_seed: 1]
[is_enable_sparse: 1]
[enable_bundle: 1]
[use_missing: 1]
[zero_as_missing: 0]
[feature_pre_filter: 1]
[pre_partition: 0]
[two_round: 0]
[header: 0]
[label_column: ]
[weight_column: ]
[group_column: ]
[ignore_column: ]
[categorical_feature: 7]
[forcedbins_filename: ]
[precise_float_parser: 0]
[parser_config_file: ]
[objective_seed: 5]
[num_class: 1]
[is_unbalance: 1]
[scale_pos_weight: 1]
[sigmoid: 1]
[boost_from_average: 1]
[reg_sqrt: 0]
[alpha: 0.9]
[fair_c: 1]
[poisson_max_delta_step: 0.7]
[tweedie_variance_power: 1.5]
[lambdarank_truncation_level: 30]
[lambdarank_norm: 1]
[label_gain: ]
[lambdarank_position_bias_regularization: 0]
[eval_at: ]
[multi_error_top_k: 1]
[auc_mu_weights: ]
[num_machines: 1]
[local_listen_port: 12400]
[time_out: 120]
[machine_list_filename: ]
[machines: ]
[gpu_platform_id: -1]
[gpu_device_id: -1]
[gpu_use_dp: 0]
[num_gpu: 1]

end of parameters

pandas_categorical:[]
